entity,relation,entity2
水枝锦,属于,农作物
农作物,包含,蓝藻
桑毛虫,危害,农作物
成年兔,属于,动物
灭蝇净,属于,农作物药物
慢性腹膜炎,属于,动物疾病
二甲戊灵乳油,属于,农作物药物
多菌灵,防治,炭疽病
动物,包含,螺
二丑,属于,畜牧业药物
百菌清烟剂,属于,农作物药物
花蝇科,科,种蝇
败血灵,属于,畜牧业药物
菜花,属于,农作物
晶体敌百虫,防治,蛴螬
中药,包含,掐不齐
莴苣,感染,软腐病
架豆,别名,四季豆
动物,感染,片形吸虫病
农作物,包含,慈菇
鳙,属于,动物
豆科,科,豆角
动物,包含,鳅
丁灵乳油,属于,农作物药物
鸡腿菇,别名,毛头鬼伞
蟹体,属于,动物
淡竹,属于,竹叶
疾病,包含,呕吐
蛴螬,属于,农作物虫害
黑斑病,属于,农作物病害
石灰水清液,属于,农作物药物
茵陈,属于,畜牧业药物
农作物,包含,四季海棠
水稻立枯病,属于,农作物病害
松,属于,树
出血病,属于,动物疾病
聊玉18号,属于,农作物
豆类,属于,农作物
兰花,被危害,粉虱
敌敌畏乳剂,防治,顶梢卷叶虫
害虫,包含,种蝇
群兔,属于,动物
农作物,包含,花萼
链霉素粉,属于,畜牧业药物
微生物,包含,假单孢杆菌
肺火,属于,动物疾病
微生物,包含,双孢菇
飞节内肿,属于,动物疾病
白茅,属于,白茅根
敌敌威乳剂,防治,蚜虫
来福灵乳油,属于,农作物药物
乐斯本,防治,瓜绢螟
矮丰王,防治,小果症
西红柿,感染,菌核病
桑树,感染,桑芽枯病
中药,包含,柑
疾病,包含,甲状腺肿
白砂糖,属于,畜牧业药物
辛硫磷乳油,防治,地下害虫
茉莉花,属于,木樨科
黑曲霉,属于,农作物虫害
乙磷铝,属于,农作物药物
森锌,防治,霜霉病
莴笋,属于,农作物
石灰氮浊液,属于,农作物药物
鸡,感染,新城疫病毒
疾病,包含,呼吸系统疾病
芸豆,属于,农作物
鞘翅目,目,瓢虫
菱角,属于,农作物
好灭丹,防治,桃小食心虫
扁蓄,属于,畜牧业药物
笨鸡,属于,动物
白斑病毒,属于,害虫
患犬,属于,动物
疾病,包含,旋毛虫病
猪,别名,生猪
肠管发炎,属于,动物疾病
扬粳4038,属于,早熟晚粳稻
鸡白痢,属于,动物疾病
单端孢霉菌,属于,害虫
早佳,属于,农作物
宁粳3号,属于,农作物
动物,包含,温血动物
十字花科,科,莱菔子
乳房炎预防,属于,动物疾病
犬五联苗,属于,畜牧业药物
芦笋王,属于,芦笋
广谱性熏蒸杀虫剂,属于,农作物药物
黄瓜,感染,白粉病
羔,属于,动物
肠道感染,属于,动物疾病
抗生素,属于,畜牧业药物
微生物,包含,链球菌
石榴根皮,属于,畜牧业药物
化学药品,包含,甘露醇
连翘,被危害,害虫
高钾肥,属于,农作物药物
野火病,属于,农作物病害
农作物,包含,核桃树
雏鸡,属于,动物
动物,包含,日本海马
大姜,被危害,蝼蛄
中药,包含,茭白
农作物,包含,草豆蔻
稻恶苗病菌,属于,农作物病害
肝炎病,属于,动物疾病
茶树,被危害,小绿叶蝉
农作物,包含,烟草
第二茬瓜,属于,农作物
大地英雄,属于,农作物药物
大青叶蝉,属于,农作物虫害
碘甘油合剂,属于,畜牧业药物
大黄氨水溶液,属于,畜牧业药物
害虫,包含,银纹夜蛾
竹丛,属于,农作物
中熟中粳稻,属于,农作物
农作物,包含,木樨
寄生虫,属于,动物疾病
滑子蘑,属于,农作物
假桄榔,属于,农作物
细菌,包含,害虫
豆科,科,苦参
农作物,包含,香附
真菌,包含,真菌毒素
动物,包含,赤眼鳟
板兰根,被危害,蚜虫
僵鸡,属于,动物
紫苏,属于,畜牧业药物
青菜,属于,大白菜
花卉,包含,鹤望兰
复方大青叶,属于,畜牧业药物
吡虫啉,防治,烟青虫
大白菜,属于,叶菜
动物,包含,茶碱
敌磺钠可溶性粉剂,属于,农作物药物
食道阻塞病,属于,动物疾病
脓肿,防治,鱼石脂
农作物,包含,川芎
花卉,包含,蒲公英
中药,包含,猪苓
辛硫磷,防治,烟青虫
白玉兰,属于,农作物
植病灵,属于,农作物药物
接穗黄瓜,属于,农作物
多苗灵,属于,农作物药物
中药,包含,炙甘草
蛆,属于,害虫
水杉,属于,农作物
沙门杆菌,属于,害虫
害虫,包含,小绿叶蝉
农作物,包含,茶叶
草本,目,茶叶
农作物,包含,葛藤
丹参,感染,丹参根结线虫病
农作物,包含,酸梅
鞘翅目,目,黄条跳甲
稻,包含,镇稻11号
微生物,包含,新城疫病毒
木耳,属于,农作物
扑海因可湿性粉剂,防治,黑腐病
鸡,感染,盲肠肝炎
疾病,包含,过敏反应
松,属于,农作物
维生素制剂,属于,畜牧业药物
松节油,属于,畜牧业药物
动物,包含,蛆
西瓜素,属于,农作物药物
链霉素液,属于,农作物药物
疾病,包含,白芦笋
三苯甲咪唑,属于,疾病
磺胺氯吡嗪钠药,属于,畜牧业药物
害虫,包含,黄曲条跳甲
甲基托布津粉剂,属于,农作物药物
禾本科,科,雀稗
农作物,包含,白皮松
胡麻病菌,属于,农作物病害
菇菌清,防治,胡桃肉状菌
中华猕猴桃,别名,猕猴桃
黑鳃病,属于,动物疾病
动物,包含,小黄鱼
农作物,包含,浮游农作物
农作物,包含,鸭舌草
菱角,被危害,叶蝉
微生物,包含,毫升
病毒,防治,畜牧业药物
农作物,包含,川朴
速灭杀丁,属于,农作物药物
椿树,属于,农作物
银荆,别名,澳洲白色金合欢
害虫,包含,若虫
疾病,包含,脓肿
农作物,包含,金边瑞香
农作物曲霉清水剂,属于,农作物药物
熊猫,感染,犬瘟热
黏虫,属于,农作物虫害
鳝,属于,动物
茯苓,属于,农作物
草菇,属于,蔬菜
疾病,包含,蛔虫
害虫,包含,鲤碘泡虫
吗胍乙酸铜,属于,农作物药物
恐水症,属于,动物疾病
动物,包含,幼犬
冬瓜,感染,绵腐病
农作物,包含,凤尾草
寄生虫病,属于,动物疾病
氧化剂,属于,硝酸银
车前子,属于,畜牧业药物
果类蔬菜,属于,蔬菜
农作物,包含,桂皮
害虫,包含,蛤蜊
猪伪狂犬,属于,动物疾病
鲈鱼,别名,花鲈
微生物,包含,真菌
火鸡滴虫,属于,害虫
辣椒,感染,灰霉病
农作物,包含,花苜蓿
上海青青菜,属于,农作物
板栗干枯病,属于,农作物病害
真菌,包含,银耳
兰花,感染,褐斑病
四季豆,感染,细菌性角斑病
氧化剂,属于,氯酸
农作物,包含,藤蔓农作物
兔,别名,家兔
毛茛科,包含,秋牡丹
牛肺疫,属于,动物疾病
艾,属于,农作物
代森锰锌,防治,疫病
苜蓿,被危害,蚜虫
农作物,包含,茼蒿
褐飞虱,属于,农作物虫害
细菌,包含,金黄色葡萄球菌
鸭传染性浆膜炎,属于,动物疾病
松树,属于,农作物
虎头兰,别名,大花惠兰
殖酸硼钙,属于,农作物药物
家鸡,包含,公鸡
葛藤,别名,葛根
木耳菜,属于,农作物
中药,包含,海韭菜
余蜂,属于,动物
美邦索洛米,属于,农作物药物
石灰,别名,生石灰
复硝酚钠水剂,属于,农作物药物
杀灭菊脂,属于,农作物药物
化学药品,包含,普鲁卡因
疾病,包含,肝病
茶,包含,白茶
中熟中粳稻,属于,水稻
细菌,包含,农作物病害
农作物,包含,树苗
鞘翅目,目,天牛
灰霉病,属于,农作物病害
代森锰锌可湿性粉剂,防治,霜霉病
江鱼,属于,动物
青蚕豆,属于,蚕豆
疾病,包含,胆汁酸
羊鼻蝇蛆病,属于,动物疾病
腐霉利可湿性粉剂,防治,病害
疫病,属于,农作物病害
中药,包含,雉
藤蔓农作物,属于,农作物
柏树,别名,侧柏叶
中药,包含,黑木耳
真菌,包含,菌类
番茄,感染,果锈病
动物,包含,家兔
绵羊,属于,动物
高锰酸钾,属于,农作物药物
香菇,属于,农作物
秋海棠科,科,竹节秋海棠
春雷霉素,属于,农作物药物
水葫芦,属于,农作物
公鹅,属于,动物
氨中毒,属于,动物疾病
烟叶,属于,畜牧业药物
菲醌,防治,丹参根腐病
阿托品,属于,畜牧业药物
母猪,属于,动物
母牛,属于,动物
中药,包含,仙人球
农作物,包含,香菇
硼酸水,属于,动物疾病
百叶干病,属于,动物疾病
种薯,属于,甘薯
害虫,包含,灰飞虱
乌鱼,别名,生鱼
瘤胃臌气病,属于,动物疾病
韭菜,属于,农作物
农作物,包含,西瓜
西瓜,被危害,红蜘蛛
动物,感染,头槽绦虫病
黄芩,属于,畜牧业药物
丰辉,属于,农作物
美人焦,属于,农作物
疾病,包含,犬布鲁氏菌病
秋菠菜,属于,农作物
蜜虫,别名,麦蚜
辛硫磷乳油,防治,软腐病
高锰酸钾溶液,属于,畜牧业药物
烤烟,感染,花叶病
花生青枯病,属于,农作物病害
动物,包含,鳙
加州873,属于,芦笋
桃小食心虫,属于,农作物虫害
枣果,被危害,美国白蛾
农作物,包含,牛蒡
白鲢,别名,鲢
熏烟剂,属于,农作物药物
茶,别名,茶叶
茯神,属于,畜牧业药物
农作物,包含,茶树
桑宁,属于,农作物药物
疾病,包含,病毒性肺炎
害虫,包含,鳗鲡
动物,包含,珠颈斑鸠
哺乳仔猪,属于,动物
草莓,被危害,斜纹夜蛾
武运粳23号,属于,农作物
禾本科,科,茅草根
传染病,包含,动物疾病
兔,属于,动物
香芹,别名,西芹
微生物,包含,巴氏杆菌
农作物,包含,狗牙根
水蛭,属于,动物
黑籽南瓜,属于,农作物
真菌,病原,纹枯病
疾病,包含,糖皮质激素
动物,包含,海参
成蟹,属于,动物
除草通,属于,农作物药物
夏早生三号,属于,农作物
农作物,包含,葫芦科
产奶牛,属于,动物
鸡腿菇,属于,农作物
香附,属于,畜牧业药物
疾病,包含,寄生虫
柿树,属于,树
疾病,包含,尿血
青豆,别名,青豌豆
食盐,别名,氯化钠
草木灰,属于,农作物药物
烟,属于,农作物
鸡异刺线虫病,属于,动物疾病
獭兔子,属于,动物
中药,包含,大黄炭
紫荆,属于,农作物
菊花,属于,畜牧业药物
冬青,属于,小灌木类
大豆霜霉病,属于,农作物病害
大蒜,感染,真菌性叶枯病
林可霉素,属于,畜牧业药物
黑绒金龟子,属于,农作物虫害
乙霉威,属于,农作物药物
海生素,属于,农作物药物
杨树,属于,农作物
天正春玉,属于,农作物
害虫,包含,华支睾吸虫
西药,包含,硫酸阿托品注射液
秋红苕,别名,红苕
中草药,包含,花卉
商品鸡,属于,动物
西瓜,属于,瓜类作物
蚕豆,防治,菜果壮蒂灵
鳅,属于,动物
菠菜,属于,叶菜
好灭丹,防治,绿盲蝽
花木,属于,农作物
真菌,包含,金针菇
脾俞,属于,畜牧业药物
锅底灰,属于,畜牧业药物
连翘,属于,畜牧业药物
扑虱灵可湿性粉剂,防治,黑刺粉虱
冠状病毒,属于,害虫
花卉,包含,金心吊兰
桧柏,属于,农作物
农作物,包含,武运粳23号
小松菇,属于,农作物
柑橘,属于,果园
酒椰子,属于,农作物
农作物,包含,红薯
西红柿,感染,青枯病
黑枯病,属于,农作物病害
四季海棠,属于,农作物
杂色鳝苗,属于,动物
蔷薇科,科,红富士
空心菜,属于,农作物
小苏打,属于,畜牧业药物
梨,属于,农作物
晶体敌百虫,防治,种蝇
农作物,包含,姜
化学药品,包含,菊酯
桑树,属于,桑
硫丹,防治,美国白蛾
农作物,包含,苦荬菜
稻谷,属于,农作物
甘草,属于,畜牧业药物
青茶叶,属于,畜牧业药物
农作物,包含,黑松
双孢菇,属于,农作物
桔梗科,科,桔
茶青,属于,农作物
动物,包含,鳙鱼
番茄花脸,属于,农作物病害
豇豆,属于,农作物
绿爽,防治,蝼蛄
鳊,属于,动物
东方美人茶,属于,农作物
芦笋,被危害,蓟马
土隆,属于,农作物药物
疾病,包含,滑膜炎
藕,属于,农作物
细菌性肠炎,防治,痢菌净
厚脸皮,属于,农作物
甲硝唑,属于,畜牧业药物
大黄鱼,属于,动物
代森锰锌可湿性粉剂,防治,菜青虫
除虫精粉,属于,农作物药物
微生物,包含,杏鲍菇
中药,包含,佛手柑
氧化乐果,防治,飞虱
棉籽,属于,棉花
栀子,属于,花木
沙门氏菌,属于,害虫
农作物,包含,放线菌
蛛形纲,纲,螨
夏丝一号,属于,农作物
玉米,被危害,蚜虫
疾病,包含,头槽绦虫病
农作物药物,防治,农作物病害
豆角,属于,蔬菜
中药,包含,花生油
西红柿,防治,菜果壮蒂灵
燕子掌,别名,景天树
盐酸土霉素,属于,畜牧业药物
含笑,属于,农作物
动物,包含,彭泽鲫
害虫,包含,梨小食心虫
豆瓣菜,被危害,蚜虫
甜椒,感染,疫病
高效氯氟氰菊酯,防治,种蝇
五氯硝基苯,防治,立枯病
中药,包含,鲮鱼
红斑,属于,动物疾病
洞庭1号,属于,农作物
农作物,包含,漂浮农作物
地豆,别名,花生
夜蛾科,科,棉铃虫
病毒,包含,冠状病毒
腐植酸,属于,农作物
鳃腺炎病,属于,动物疾病
盗蜂,属于,动物
葡萄,感染,白腐病
农作物,包含,泽泻科
富士1号乳油,属于,农作物药物
异菌脲可湿性粉剂,防治,病害
农作物,包含,姜科
关节炎,属于,动物疾病
动物,包含,白鲳
敌克松,属于,农作物药物
野生动物,包含,壁虎
大麦粒,属于,农作物
动物,包含,黑翅土白蚁
次氯酸钠,属于,畜牧业药物
疾病,包含,恶病质
芦笋,感染,根腐病
红掌,属于,年宵花
农作物,包含,黄山松
菜果壮蒂灵,属于,农作物
三唑酮乳油,属于,农作物药物
小麦,感染,麦叶蜂
黒斑病,属于,农作物病害
白毛,属于,农作物病害
动物,包含,寄生蜂
烂铃,属于,农作物病害
疾病,包含,大便不通
秋红苕,属于,农作物
己唑醇,属于,农作物药物
彩叶马醉木,属于,树种
丰产灵,属于,农作物药物
农作物,包含,马铃薯
石榴,属于,石榴皮
线虫病,属于,农作物病害
李子,属于,树
农作物,包含,禾本科杂草
肉用仔鸡,属于,动物
果树,被危害,平小卷叶虫
利凡诺,属于,畜牧业药物
柿树,属于,农作物
农作物,包含,苦草
母野猪,属于,动物
茶,包含,蜜香红茶
栀子,被危害,害虫
青木香,属于,畜牧业药物
禾本科,科,桐树
松脂酸铜,属于,农作物药物
细菌,包含,布鲁氏菌
玉米,感染,白花叶病
芫荽,属于,农作物
土传病害,属于,农作物病害
混百菌清,属于,农作物药物
福美双,属于,农作物药物
氯化钾,属于,畜牧业药物
猪伪狂犬病,属于,动物疾病
叶枕瘟,属于,农作物病害
乌洛托品,属于,畜牧业药物
鼠兔,属于,动物
病毒,属于,毒株
黄鲇鱼,属于,动物
细菌,包含,黄曲霉菌
枕头瓜,属于,南瓜苗
牵牛花,属于,农作物
番茄筋腐病,属于,农作物病害
克螨灵 吡虫啉,防治,白粉虱
动物,包含,食肉动物
细菌性肠炎,属于,动物疾病
迟熟中粳稻,属于,农作物
上呼吸道感染,属于,动物疾病
中药,包含,茯神
鸟眼斑,属于,农作物病害
黄豆,防治,青菜虫
青鱼,属于,动物
蒲公英,属于,农作物
竹,属于,农作物
鱼类,包含,鳕鱼
杀毒矾,属于,农作物药物
夏白菜,属于,农作物
农作物,包含,海棠花
恶霉灵,防治,茼蒿立枯病
景丰宝,属于,西瓜
万寿菊,属于,中药
烟草,感染,青枯病
武运粳24号,属于,迟熟中粳稻
饲料性毛细血管变性症,属于,动物疾病
大头菜,属于,农作物
病毒性出血病,属于,动物疾病
烂茄子,属于,农作物病害
疫苗反应,属于,动物疾病
农作物,感染,腐烂病
强尔心,属于,畜牧业药物
簕杜鹃,属于,农作物
白茅根,属于,畜牧业药物
杜鹃花,属于,农作物
万灵可溶性粉剂,属于,农作物药物
薏苡,别名,六谷子
林克霉素,属于,畜牧业药物
茶麸,属于,畜牧业药物
水产动物,属于,动物
农作物,包含,萝卜属
广香,属于,畜牧业药物
安克锰锌,属于,农作物药物
害虫,包含,麦叶蜂
杀白蚁药,属于,农作物药物
辛硫磷乳油,防治,小菜蛾
动物,包含,红鳍东方鲀
消炎药,属于,害虫
稻谷,属于,水稻
微生物,包含,细菌病毒
病毒,包含,痘病毒科
疾病,包含,沙门氏菌病
谷子,感染,纹枯病
中药,包含,瓜皮
生菜,属于,农作物
双孢子球虫,属于,害虫
应天2号多功能动物制剂,属于,农作物药物
大地英雄,防治,蝼蛄
花生,感染,锈病
板栗,属于,果树
紫云英,属于,农作物
水肿,不良反应,金霉素
莱青虫,属于,农作物虫害
彩椒,属于,农作物
疫苗佐剂,属于,畜牧业药物
养花鲢夏花,属于,动物
农作物,包含,雷丸
疾病,包含,猪传染性胃肠炎
农作物,包含,茄科
南粳44,属于,农作物
冬瓜,属于,瓜果类蔬菜
害虫,属于,蜱虫
环形毛细线虫病,属于,动物疾病
农作物,包含,马齿苋科
农作物,包含,高等农作物
苦楝树根皮,属于,畜牧业药物
肉用子鸽,属于,动物
小麦,被危害,穗蚜
竹叶,属于,农作物
硫酸锌,防治,白花叶病
青花菜,被危害,菜青虫
辣椒幼苗,属于,辣椒
微生物,包含,藻类
鲫鱼,属于,动物
鱼种,属于,动物
辣椒,感染,疫病
大黄苏打片,属于,畜牧业药物
苯来特,属于,农作物药物
硫磺粉,属于,农作物药物
青虾,属于,动物
中药,包含,莴苣
雪玫,属于,农作物
广玉兰,属于,农作物
农作物,包含,香玲
农作物,包含,枫杨
壮年兔,属于,动物
新霉素,属于,畜牧业药物
绿荆,属于,金合欢
叶茎部病害,属于,农作物病害
害虫,包含,黏虫
害虫,包含,吸血昆虫
棚菜,别名,大棚蔬菜
干酵母片,属于,畜牧业药物
葡萄皮尔斯,属于,农作物病害
土菌消 水剂,防治,茼蒿立枯病
大肠,属于,直肠
仔鹿,属于,动物
50 扑海因可湿性粉剂,防治,大蒜白腐病
甲氨基阿维菌素苯甲酸盐,防治,甜菜夜蛾
农作物,包含,鹤虱
盲蝽象,属于,农作物虫害
白兰花,属于,农作物
侧殖吸虫病,属于,动物疾病
生理盐水,属于,畜牧业药物
农作物,包含,早竹
硫酸锌,属于,农作物药物
成蝇,属于,害虫
害虫,包含,褐飞虱
旋花科,科,空心菜
代森铵溶液,属于,农作物药物
香葱,被危害,潜叶蝇
李子,属于,农作物
克螨敌,防治,螨类
犬科动物,属于,动物
疾病,包含,华支睾吸虫
厚朴,属于,畜牧业药物
害虫敌,属于,畜牧业药物
石榴,属于,花卉
豆饼毒饵,属于,农作物药物
氯化钙液,属于,农作物药物
辣椒,感染,根腐病
吊瓜,感染,白粉病
中国水仙,别名,水仙花
乔木,包含,合欢树
鸽子,属于,动物
安痢,属于,畜牧业药物
甲醛,包含,醛
葡萄,感染,干旱
微生物,包含,氯霉素
苦瓜苗,属于,农作物
助壮素,属于,农作物药物
菜青虫,属于,农作物虫害
三角梅,属于,中药
胡萝卜,感染,黑腐病
疾病,包含,布鲁氏菌
白菜,属于,农作物
半支莲,属于,农作物
青芦笋,属于,农作物
新高脂膜,防治,蚜虫
霉素,属于,畜牧业药物
甲基硫菌灵可湿性粉剂,防治,大蒜白腐病
疾病,包含,棉酚
大葱,感染,紫斑病
黄桃,属于,农作物
叶枯病,别名,茶云纹叶枯病
动物膜,属于,农作物药物
香荽,属于,农作物
日本马醉木,属于,农作物
农作物,包含,鹤望兰
汉白玉,属于,农作物
草爬子,属于,害虫
敌百虫,防治,蒜蛆
福鱼康,属于,畜牧业药物
农作物,包含,聚合草
稻温病,属于,农作物病害
辣椒苗,属于,辣椒
死鸡,属于,动物
牛腿瓜,属于,南瓜苗
商陆,属于,畜牧业药物
泥鳅,属于,动物
猪气喘病,属于,动物疾病
农作物,包含,水杉
中药,包含,白胡椒
大葱,属于,蔬菜
敌克松,防治,猝倒病
腐霉利,别名,速克灵
中生菌素,属于,农作物药物
微生物,包含,肝癌
农作物,包含,香茅
毒死蜱,属于,农作物药物
体温稍高,属于,动物疾病
大片形吸虫,属于,害虫
指环虫科,属于,害虫
菊科,科,莴笋
毛细线虫病,属于,动物疾病
维生素C,属于,畜牧业药物
葡萄,感染,白粉病
杜鹃花科,科,彩叶马醉木
动物,包含,肉兔
马兜铃,属于,青木香
油茶芽,属于,农作物
农作物,感染,稻瘟病
白芷,属于,畜牧业药物
泰乐菌素效价,属于,畜牧业药物
大蒜,属于,畜牧业药物
中药,包含,灶心土
普通丝瓜,属于,农作物
大红袍,属于,农作物
功夫乳油,属于,农作物药物
姜种,属于,大姜
王铜,属于,农作物药物
农作物,包含,脐橙
明太鱼,属于,动物
杜邦万克灵,防治,四绒金龟甲
农作物,包含,白扁豆
真菌,包含,孔雀石绿
磷酸二氢钾,属于,农作物药物
病毒,包含,轮状病毒
农作物,包含,羊茅
叶锈病,属于,农作物病害
辣椒幼苗,属于,农作物
吡虫啉可湿性粉剂,防治,蛴螬
立枯病,属于,农作物病害
香葱,被危害,葱蚜
羊群,属于,动物
盲肠肝炎,属于,动物疾病
香油,属于,畜牧业药物
丙硫咪唑,属于,畜牧业药物
螨净乳油,属于,农作物药物
兰花,属于,农作物
硫酸铜溶液,属于,农作物药物
疾病,包含,兔瘟
斜纹夜盗蛾,属于,农作物虫害
抗生素,属于,农作物药物
疾病,包含,疟原虫
地塞米松磷酸钠,属于,畜牧业药物
油菜,属于,青杂2号
紫甘蓝,属于,农作物
肠道性疾病,属于,动物疾病
水花生,属于,农作物
菌虫枪手,属于,畜牧业药物
油乳剂灭活苗,属于,畜牧业药物
三唑磷乳油,属于,农作物药物
农作物,包含,李子
蛛形纲,纲,疥螨
甲敌粉,属于,农作物药物
羊羔,属于,动物
农作物,包含,杏仁
疾病,包含,红眼病
农作物,包含,小青菜
白羽肉鸡,属于,动物
疾病,包含,恶性水肿
疾病,包含,保育猪
天龙宝,属于,农作物药物
稻瘟病,属于,农作物病害
生鱼,属于,动物
龙芽草,科,蔷薇科
脆肉鲩,属于,动物
菇蕾,属于,农作物
双青丝瓜,属于,有棱丝瓜
菜苜蓿,属于,农作物
动物,包含,舌鳎
硫酸链霉素可溶性粉剂,防治,软腐病
蔓割病,属于,农作物病害
家畜,属于,动物
鸽,属于,动物
草莓,被危害,白粉虱
薯类,属于,薯
蓝圆热毒清,属于,畜牧业药物
疾病,包含,耳螨
茄科,科,甜椒
万家,属于,农作物药物
黄曲条跳甲,属于,农作物虫害
萝卜,别名,青萝卜
黄曲霉,属于,农作物虫害
蒜苗,属于,农作物
次碳酸铋,属于,畜牧业药物
黄瓜,被危害,小菜蛾
金态,属于,畜牧业药物
白叶枯病,属于,农作物病害
绿肥萝卜,属于,萝卜芽
菇盖,属于,农作物
鳊鱼,属于,动物
西葫芦,属于,茄果类蔬菜
老鼠,属于,小白鼠
栀子,属于,畜牧业药物
农作物,包含,野蛞蝓
农作物,包含,豆类
毒鼠药,属于,畜牧业药物
骨灰,属于,畜牧业药物
竹类,属于,农作物
鹿病,属于,动物疾病
井冈霉素,属于,农作物药物
矮生芸豆,属于,农作物
冬春小白菜,属于,小白菜
疣霉净,属于,农作物药物
疾病,包含,维生素A
农作物,包含,葱叶
新城疫病毒,属于,害虫
敌草隆,属于,除锈剂
多菌灵,防治,赤霉病
疾病,包含,结节病
甜椒,感染,软腐病
青花菜,被危害,甜菜夜蛾
四季豆,被危害,豆荚螟
农作物,包含,巢蕨
中药,包含,水仙
硝酸钙液,属于,农作物药物
敌杀死,防治,草地螟
克蚜星浮油,属于,农作物药物
动物,包含,藏猪
百草枯,属于,农作物药物
元丰,属于,农作物
丰登,属于,农作物药物
苹果,被危害,红蜘蛛
菌毒杀,属于,畜牧业药物
畜,属于,动物
辣椒苗,属于,农作物
樟脑磺酸钠,属于,畜牧业药物
郁金香,属于,农作物
花卉,包含,郁金香
中华绒螯蟹,别名,河蟹
蔬菜,包含,绿叶菜
中国水仙,属于,花卉
花朵,属于,农作物
吡虫啉,防治,白粉虱
菊酯,属于,农作物药物
水稻,包含,宁粳3号
甲基托布津,防治,紫斑病
正大脆芹,属于,农作物
细菌,包含,荧光假单胞杆菌
徒长菌丝,属于,菌丝
中药,包含,黄芪
牛口舌生疮,属于,动物疾病
中药,包含,桑皮
煤气中毒,属于,动物疾病
安泰生,属于,农作物药物
彩叶马醉木,属于,日本马醉木
上海青青菜,属于,青菜
球虫疫苗,属于,害虫
乳鸽,别名,肉鸽
禽,属于,动物
三环唑,属于,农作物药物
链球菌病,属于,动物疾病
中药,包含,藏药
花卉,包含,水晶兰
龙虾,属于,动物
短阴后园线虫,属于,害虫
接触性传染病,属于,动物疾病
萝卜,属于,青萝卜
减蛋综合征,属于,动物疾病
禾本科,科,白茅根
农作物,包含,佛手瓜
水霉病,别名,肤霉病
口蹄疫,属于,动物疾病
中草药,包含,莱菔子
犬钩端螺旋体病,属于,动物疾病
微生物,包含,姬松茸
土隆,防治,蝼蛄
桑树,属于,农作物
鱼腥草注射液,属于,畜牧业药物
动物,包含,大蟾蜍
疾病,包含,冠状病毒
农作物,包含,竹叶
鸭群,属于,动物
小青菜,属于,青菜
茉莉属,属于,农作物
中华绒螯蟹,别名,螃蟹
盐酸克伦特罗,属于,畜牧业药物
小麦,感染,纹枯病
农作物,包含,菠萝蜜
疾病,包含,曲霉菌病
隐性乳房炎,属于,动物疾病
农作物,包含,葛根
乐果,防治,红蜘蛛
抗菌剂,属于,农作物药物
棉花,被危害,玉米螟
病毒,属于,害虫
肝泰乐片,属于,畜牧业药物
疾病,包含,猪病
疾病,包含,水肿病
硒,属于,畜牧业药物
农作物,包含,桔梗科
母羊,属于,动物
农作物,包含,薏苡
鱼类,包含,小黄鱼
赤芍,属于,害虫
蛛形纲,纲,硬蜱
动物,包含,美洲驼
稻飞虱,属于,农作物虫害
白毒灵一号,属于,农作物药物
不安,属于,动物疾病
农作物,包含,银荆
百菌清600,属于,农作物药物
丧失消化吸收功能,属于,动物疾病
香葱,感染,霜霉病
害虫,包含,锥虫
扁豆,别名,四季豆
井冈多菌灵悬浮剂,属于,农作物药物
驴,属于,动物
柑桔,被危害,粉虱
犬传染性肝炎高免血清,属于,畜牧业药物
农作物,包含,枸杞
杭白芍,属于,畜牧业药物
水貂,属于,动物
澳洲细叶金合欢,属于,农作物
葱白,属于,畜牧业药物
施基肥拌药,属于,农作物药物
微生物,包含,菌丝
早稻,属于,农作物
杨树林,属于,农作物
甲氨基阿维菌素苯甲酸盐,别名,甲维盐
农作物,包含,番薯
传染病,包含,鸡白痢
琥胶肥酸铜可湿性粉剂,防治,菌核病
肾变病型,属于,动物疾病
猪棘头虫,属于,害虫
病毒病,属于,农作物病害
农作物,包含,柏树
葱蚜,属于,农作物虫害
草菇V238,属于,草菇
腈菌唑乳油,防治,疫病
动物,包含,滤食性鱼类
链霉素,属于,畜牧业药物
辣椒,感染,软腐病
危赤皮病,属于,动物疾病
柳,属于,树
甘油,属于,畜牧业药物
农作物,包含,水芋
野苜蓿,别名,花苜蓿
农作物,包含,大白菜
农作物,包含,枸杞子
花卉,包含,茉莉属
动物,包含,锦鲤
茯苓,被危害,白蚁
杀螟松,属于,畜牧业药物
成鱼,属于,动物
辣椒,感染,烟青虫
动物,包含,猪
幼虫,属于,农作物虫害
鲤,属于,动物
秋莴苣,属于,农作物
花卉,包含,红掌
百草肠清,属于,畜牧业药物
肝硬化,防治,肝泰乐片
花卉,包含,石竹花
桑白皮,属于,害虫
肌肉白浊病,属于,动物疾病
香玲,属于,农作物
1605粉,防治,吸浆虫
害虫,包含,农作物虫害
杀毒矾,防治,褐斑病
高锰酸钾溶液,属于,农作物药物
农作物,包含,仙人掌
落叶病,属于,农作物病害
灭虫丁,属于,畜牧业药物
硫代硫酸钠注射液,属于,畜牧业药物
真菌,病原,白叶枯病
野生动物,包含,穿山甲
环丙氨嗪,别名,灭蝇胺
北京小杂56号,属于,农作物
细菌,包含,多粘类芽孢杆菌
世高,属于,农作物药物
敌敌威乳剂,属于,农作物药物
硕丹,防治,大造桥虫
莱农14号,属于,农作物
白玉兰,属于,乔木和花灌木类
成年牛,属于,动物
农作物,包含,党参
鱼卵,属于,动物
农作物,包含,甘青蒿
西兰花,感染,霜霉病
农作物,包含,发财树
绿宝珠,属于,农作物
玉米,被危害,飞虱
腹泻,不良反应,鱼腥草
漂浮农作物,属于,农作物
农作物,包含,意杨
疾病,包含,异物性肺炎
瘤黑粉菌,属于,农作物虫害
豚鼠,属于,动物
维生素,包含,糯玉米
犬瘟热,属于,动物疾病
肉鸡,属于,动物
害虫,包含,菜蚜
蝗虫,属于,动物
溃疡病,属于,细菌性病害
集琦虫螨克,防治,斑潜蝇
云苓,属于,畜牧业药物
田螺,别名,海螺
腐霉利烟剂熏烟防治灰霉病,防治,病害
苦草,属于,农作物
农作物,包含,花叶万年青
铝胶苗,属于,畜牧业药物
真菌,包含,花菇
呕吐,不良反应,阿莫西林
灭幼脲悬浮剂,属于,农作物药物
害虫,包含,地老虎
水仙,属于,花朵
西兰花,感染,软腐病
红眼病,属于,动物疾病
后备仔猪,属于,动物
九重葛,属于,农作物
广木香,别名,广香
白鲢,属于,动物
涂白剂,防治,病虫
农作物,包含,桂花树
果类,被危害,甘蓝夜蛾
喹菌酮,属于,农作物药物
中药,包含,空心菜
农作物,包含,细菌性病害
疾病,包含,流行性乙型脑炎
甲霜锰锌,属于,农作物药物
西红柿,属于,蔬菜
细菌,包含,纹枯病
传染疾病,属于,动物疾病
米乐尔,属于,农作物药物
乳房炎,属于,动物疾病
早稻,属于,水稻
牡丹花,属于,农作物
扁豆,被危害,蚜虫
采菇,属于,农作物
苦参,属于,畜牧业药物
瓜子,别名,葵花籽
鼻粘膜发炎,属于,动物疾病
葱,被危害,葱蓟马
灭多威,防治,桃小食心虫
海水鱼,属于,动物
疾病,包含,枯萎病
高效氯氰菊酯,防治,大造桥虫
异丙威,属于,农作物药物
鸭瘟,属于,动物疾病
耐热华王青梗白菜,属于,夏小白菜
板蓝根,属于,畜牧业药物
牛,别名,架子牛
柳,属于,农作物
甲基硫菌灵可湿性粉剂,防治,霜霉病
稻苗,属于,农作物
微生物,包含,霉菌
番茄,防治,安泰生
万灵 新高脂膜,防治,莱青虫
中药,包含,黄荆
昆虫,包含,农作物虫害
增产素,属于,农作物药物
农作物,包含,马蹄莲
碳酸氢钠液,属于,畜牧业药物
农作物,包含,斑蟊
害虫,包含,舌状绦虫
农作物,包含,花木
大便不通,属于,动物疾病
马铃薯,防治,安泰生
乐果乳油,防治,潜叶蝇
疥螨,属于,害虫
杀灭菊脂,防治,菜青虫
农作物,包含,绒山羊
石膏,属于,畜牧业药物
农作物,防治,除草剂
棉铃虫,危害,农作物
矮生秋菜,属于,蔬菜
鲁芦笋1号,属于,芦笋
蚜科,科,桃粉蚜
农作物,包含,豆梨
芦笋王,属于,农作物
兰花,感染,腐烂病
农作物,包含,大腹皮
多菌灵等苯骈咪唑,属于,农作物药物
农作物,包含,毒麦
小叶病,属于,农作物病害
竹节秋海棠,属于,农作物
天龙宝,防治,大造桥虫
红叶小檗,包含,灌木
好灭丹,防治,美国白蛾
害虫,包含,桃粉蚜
大蒜,被危害,细菌
中药,包含,野豌豆
粘孢子虫,属于,害虫
疾病,包含,轮状病毒
斑点叉尾,属于,动物
夏小白菜,属于,蔬菜
多菌灵可湿性粉剂,防治,叶斑病
疾病,包含,烂鳃病
杀虫双,属于,农作物药物
高羊茅,属于,农作物
原虫病,属于,动物疾病
害虫,包含,禾蓟马
抗虫威可湿性粉剂,防治,潜叶蝇
香葱,属于,农作物
氯化钾,属于,农作物药物
皇冠一号,属于,农作物
花卉,包含,多肉农作物
葡萄糖液,属于,畜牧业药物
溃疡,属于,动物疾病
农作物,包含,马齿苋
三角梅,别名,叶子花
慢性鼻炎,属于,动物疾病
动物,包含,婆婆纳
动物,包含,花鲈
中药,包含,乌药
动物,包含,青链霉素
乐杀螨,属于,畜牧业药物
疾病,包含,锥虫
香蕉,属于,农作物
软腐病,别名,姜瘟
皮棉,属于,农作物
害虫,包含,虱
三叶草,属于,农作物
芦笋,被危害,金针虫
动物,包含,黄颡鱼
砂仁,属于,畜牧业药物
褐纹病,别名,花生网斑病
农作物,包含,木薯
高锰酸钾,防治,病毒病
病铃,属于,农作物病害
链霉素,防治,青枯病
指环虫,属于,害虫
胞蚴,属于,害虫
鹅,属于,动物
疾病,包含,痢疾
黄鱼,别名,黄花鱼
菠菜,属于,蔬菜
霉菌,属于,农作物病害
溴氰菊脂,防治,小菜蛾
地瓜,别名,番薯
疾病,包含,风湿性关节炎
扑净加二甲四氯复合,属于,农作物药物
中药,包含,油松
护树将军,属于,农作物药物
耐热华王青梗白菜,属于,农作物
农作物,包含,油柿
铺头鳋,属于,害虫
维生素E,属于,畜牧业药物
鸭传染性浆膜炎,别名,鸭疫里默氏杆菌病
十字花科,科,豆瓣菜
棕榈科,科,鱼尾葵
禾本科,科,甜玉米
冬瓜,别名,瓜皮
农作物,包含,旱稗
扑虱灵乳油,属于,农作物药物
硫磺,别名,硫磺粉
梨,属于,果园
疾病,包含,左旋咪唑
托布津,防治,锈病
疥疮,属于,动物疾病
红富士苹果,别名,红富士
疾病,防治,卵黄抗体
农作物,包含,有棱丝瓜
乐果乳油,防治,葱蚜
母鸡,属于,动物
农作物,包含,彩椒
枸杞,属于,农作物
杏树,属于,树
网状斑,属于,农作物病害
灭幼脲,防治,枣步曲
农作物,包含,甜瓜
浓碱水,属于,农作物药物
杀毒矾,防治,霜霉病
黑茶,属于,茶
豇豆荚螟,别名,豆荚螟
南美白对虾,属于,动物
杀毒矾可湿性粉剂,防治,斑枯病
速灭杀丁,防治,枣步曲
黑头病,属于,农作物病害
稻苗,属于,水稻
桃蛀螟,被危害,黄桃
连翘,属于,花卉
甲基托布津,防治,根腐病
双链季胺盐化合物,属于,畜牧业药物
农作物药物,包含,异丙威
康乃馨,属于,农作物
霜霉威,防治,霜霉病
洋葱,属于,瓜果类蔬菜
柏,属于,树
萝卜,感染,软腐病
动物,包含,胡瓜鱼
疾病,包含,阿托品
公猪,属于,动物
金雷多米尔,属于,农作物药物
爬蜂病,属于,动物疾病
菱角,感染,菱瘟
菌毒绝杀,属于,畜牧业药物
苹果,属于,果园
西红柿,被危害,蚜虫
番茄,被危害,红蜘蛛
水肿病,属于,动物疾病
动物,包含,扇贝
病毒Ａ,属于,农作物药物
大葱,被危害,葱蝇
蒜头,属于,农作物
黄瓜,感染,角斑病
中药,包含,清瘟败毒散
康培2号 新高脂膜,防治,真菌性叶枯病
轮叶黑藻,属于,农作物
动物,包含,鳝鱼
疾病,包含,猪支原体肺炎
制霉菌素,属于,畜牧业药物
抗虫威可湿性粉剂,防治,葱蚜
农作物,包含,鳢
氟氯氰菊酯,属于,农作物药物
苕藤,属于,农作物
植病灵乳剂,属于,农作物药物
稻草,属于,农作物
微生物,包含,硝化细菌
狼,属于,动物
丝瓜,感染,灰霉病
淮稻13号,属于,迟熟中粳稻
落果,属于,农作物病害
哺乳兔,属于,动物
芒硝,属于,畜牧业药物
梨星毛虫,属于,农作物虫害
西药,包含,安乃近
磷酸二氢钾,防治,早衰
硫酸锌肥,属于,农作物药物
吡虫啉可湿性粉剂,防治,黄曲条跳甲
苜蓿,属于,农作物
敌杀死乳油,属于,农作物药物
果树,被危害,顶梢卷叶虫
莲花,属于,农作物
杂毛鸡,属于,动物
四季豆,被危害,斜纹夜蛾
绿荆,属于,农作物
芦笋,感染,茎枯病
旋花科,科,葛藤
害虫,包含,羊狂蝇
昆虫,包含,虱
疾病,包含,吸虫病
桔,属于,果树
干乳牛,属于,动物
富贵竹,属于,农作物
菜苜蓿,别名,苜蓿
鼻炎病,属于,动物疾病
小爪虫病,属于,动物疾病
喹啉酮,属于,农作物药物
疾病,包含,人畜共患病
抗菌消炎药物,属于,害虫
叶青双,属于,农作物虫害
中药,包含,菊糖
桃,被危害,梨小食心虫
动物,包含,多酚
害虫,包含,香玲
桃花,属于,农作物
动物,感染,华支睾吸虫病
免疫变态反应,属于,动物疾病
维生素B1,属于,畜牧业药物
疾病,包含,异食癖
水蜈蚣,属于,害虫
落葵,属于,农作物
大葱,感染,霜霉病
黄瓣瓜,属于,南瓜苗
疾病,包含,附红细胞体病
豆角,属于,农作物
施保克,属于,农作物药物
红叶石楠,属于,农作物
盐酸肾上腺素,属于,畜牧业药物
农作物,包含,芥菜
农作物,包含,伊乐藻
花椰菜,别名,菜花
敌百虫晶体,属于,畜牧业药物
传染性支气管炎,属于,动物疾病
番茄疫霉根腐病,属于,农作物病害
疾病,包含,泰乐菌素
敌百虫,防治,小地老虎
肾药,属于,畜牧业药物
向日葵褐斑病,属于,农作物病害
大苗立枯病,属于,农作物病害
农作物,包含,贡选1号
桃蚜,被危害,黄桃
甲霜灵颗粒剂,属于,农作物药物
疾病,包含,打印病
喜林芋类花卉,属于,农作物
杀虫剂,属于,农作物药物
驱蛔灵,属于,畜牧业药物
精异丙甲草胺,属于,农作物药物
鳕鱼,属于,动物
疾病,包含,鸭疫巴氏杆菌病
动物,包含,生鱼
杏树,属于,农作物
疾病,包含,肠炎病
青顶症,属于,农作物病害
贝尼尔,属于,畜牧业药物
猫泌尿系综合征,属于,动物疾病
禾本科,科,糯稻
龙胆紫,属于,畜牧业药物
介壳虫,别名,蚧壳虫
多菌灵可湿性粉剂,防治,赤霉病
第二茬瓜雌花,属于,第二茬瓜
白头翁,属于,畜牧业药物
疾病,包含,气喘病
寡产鸡,属于,动物
苋科,科,籽粒苋
农作物,包含,冰草
低产鸭,属于,动物
草莓,被危害,蚜虫
景龙宝,属于,西瓜
云纹斑病,别名,花生网斑病
白皮松,包含,苗木
鸭疫里氏杆菌病,属于,动物疾病
病毒,导致,灰霉病
柏,属于,农作物
真菌,包含,羊肚菌
烟草,被危害,蚜虫
三角梅,别名,簕杜鹃
炭疽,属于,动物疾病
传染性坏死性肠炎,属于,动物疾病
地龙,属于,畜牧业药物
茎基腐病,属于,农作物病害
疾病,包含,羊病
丙酮,属于,畜牧业药物
雌虾,属于,动物
水蛭,别名,蚂蟥
断乳仔猪,属于,动物
农作物,包含,马尾松
灭多威,防治,绿盲蝽
肺炎支原体,属于,害虫
树莓,别名,红树莓
多菌灵,防治,锈病
小菜蛾,属于,农作物虫害
树苗,属于,果树
胡萝卜,被危害,四绒金龟甲
飞虱,属于,农作物虫害
真菌性疾病,属于,动物疾病
漂白粉,属于,畜牧业药物
动物,包含,青桐
疾病,包含,细菌性肠炎病
农作物,包含,水晶兰
速克灵,属于,农作物药物
停产鸡,属于,动物
疫苗,属于,害虫
中草药,包含,扁豆
带腐病,属于,农作物病害
癞蛤蟆,属于,动物
农作物,包含,水葫芦
肺绦虫,属于,害虫
水稻,感染,纹枯病
冬瓜,属于,农作物
夜蛾科,科,甜菜夜蛾
急性乳房炎,属于,动物疾病
有益菌,属于,畜牧业药物
中药,包含,竹节秋海棠
常山,属于,畜牧业药物
疾病,包含,弓形虫
噻呋酰胺,属于,农作物药物
顶腐病,属于,农作物病害
细菌,包含,革兰氏阴性菌
西药,包含,碘甘油
福玛,属于,农作物药物
蘑菇,属于,食用菌
蔷薇科,科,黄刺玫
病毒,包含,肝炎病毒
害虫,包含,棉粉虱
梨小食心虫,属于,农作物虫害
鱼,属于,动物
疾病,包含,华支睾吸虫病
吡虫啉,防治,蚜虫
动物,包含,曲霉
敌敌畏,防治,红蜘蛛
微生物,包含,毛头鬼伞
广玉兰,属于,乔木和花灌木类
疾病,包含,病症
甲维盐,防治,好灭丹
辛硫磷,防治,蚜虫
真菌,包含,杏鲍菇
黄芪,属于,农作物
侧柏叶,属于,畜牧业药物
十字花科,科,青菜
扫帚病,属于,农作物病害
棉桃,属于,农作物
肠道病原菌,属于,害虫
阿胶,属于,畜牧业药物
农作物,包含,绿叶菜
菊科,科,葵花籽
布鲁氏菌属,属于,害虫
裂果症,属于,农作物病害
病害,感染,荠菜
大功臣,防治,蚜虫
腐烂病,别名,姜瘟
育肥猪,属于,动物
牛蒡子,属于,畜牧业药物
鱼巢,属于,动物
氯化钙液,防治,脐腐病
克虫星粉剂,属于,畜牧业药物
拉索,属于,农作物药物
杀病毒药剂,属于,农作物药物
害虫,包含,稻飞虱
农作物,包含,西府海棠
杜邦万克灵,防治,蝼蛄
郑杂5号,属于,农作物
百虫净,属于,农作物药物
动物,包含,麦叶蜂
胡椒,别名,白胡椒
尖椒,属于,农作物
动物,包含,淡竹
农作物,包含,小球藻
玉米,属于,农作物
莱芜雪野黑兔,属于,动物
三唑酮,防治,叶锈病
殖酸硼钙,防治,裂果症
杏,被危害,食心虫
果轮纹病,属于,农作物病害
农作物,包含,地榆炭
谷子,别名,水稻
禾本科,科,狼尾草
西药,包含,盐酸肾上腺素注射液
豆瓣菜,属于,农作物
氯化钠,别名,食盐
抗菌药物,属于,畜牧业药物
害虫,包含,梨星毛虫
禾本科,科,莜麦
桃蚜,属于,农作物虫害
母狐,属于,动物
菌核净,防治,菌核病
安钠加,属于,畜牧业药物
V20,属于,草菇
敌草隆,属于,农作物药物
亲苗,属于,农作物药物
君子兰,属于,农作物
农作物,包含,红掌
金针虫,属于,农作物虫害
疾病,包含,肺火
动物,包含,雪鸽
白灵菇,属于,食用菌
夜蛾科,科,小地老虎
食心虫,属于,农作物虫害
害虫,包含,野蛞蝓
上海青,属于,冬春小白菜
喷菊酷类,属于,农作物药物
桂花,属于,农作物
辣椒,感染,白粉病
芹菜细菌性叶斑病,属于,农作物病害
薏米,属于,农作物
核果类果树,属于,农作物
金针虫,危害,农作物
瓜子,别名,四季海棠
苹果,被危害,卷叶蛾
甲敌粉,防治,吸浆虫
水生农作物,包含,藕
农作物药物,属于,农作物药物
蹄裂病,属于,动物疾病
多菌灵可湿性粉剂,防治,霜霉病
黄瓜,感染,枯萎病
蔬菜,防治,锐劲特
砧木南瓜,属于,农作物
枣苗,属于,枣树
皖绿,属于,农作物
微生物,包含,漂白粉
辣椒,被危害,红蜘蛛
疾病,包含,酸中毒
农作物,包含,母草
链球菌感染疾病,属于,动物疾病
疾病,包含,传染性喉气管炎
烤烟,被危害,烟青虫
大头菜,别名,芜菁
菊科,科,紫菀
黑鱼,别名,乌鱼
农作物,包含,茅根
莲子,属于,荷花
水稻,包含,淮稻9号
银杏果实,属于,银杏
组织滴虫病,属于,动物疾病
石榴树,被危害,矢尖蚧
棉铃,属于,农作物
疾病,包含,消化系统疾病
顶梢卷叶虫,属于,农作物虫害
北京新1号大白菜,属于,农作物
动物,包含,蚕卵
农作物,包含,金叶女贞
等量式波尔多液,防治,青枯病
栗树,属于,农作物
红霉素,属于,畜牧业药物
绿豆,属于,农作物
疾病,包含,口舌生疮
西红柿,被危害,粉虱
害虫,包含,十三星瓢虫
农作物,包含,瑞香
疾病,包含,病原体
害虫,包含,九江头槽绦虫
农作物,包含,除虫菊
轮状病毒,属于,害虫
苹果,感染,农作物病害
农作物,包含,水苋菜
艾美虫,属于,害虫
疾病,包含,革兰氏阴性菌
脓疱病,属于,动物疾病
青桐,属于,农作物
肉仔鸡,属于,动物
乐果,防治,卷叶蛾
蔷薇科,科,碧桃
辽核4号,属于,农作物
幼畜禽,属于,动物
花卉,包含,抗虫棉
链霉素,属于,农作物药物
泡桐,属于,树
茶炭疽病,属于,农作物病害
蕃茄,属于,农作物
果树,感染,苹果褐斑病
吸血昆虫,属于,害虫
Bt乳剂,防治,枣步曲
锈虫虱,属于,农作物虫害
乔木,包含,毛白杨
杀螟松,属于,农作物药物
甜瓜,属于,蔬菜
辛乳油,防治,桑螟
害虫,包含,球虫
兰花,感染,茎腐病
落葵,感染,蛇眼病
疾病,包含,缺氧症
头槽绦虫病,属于,动物疾病
农作物,感染,菌核病
叶蝉成虫,属于,农作物虫害
广谱兽用驱虫药,属于,畜牧业药物
农作物,包含,云杉
瘤黑粉病,属于,农作物病害
硫菌霉威,别名,甲霉灵
蔷薇科,科,郁李仁
丝瓜,感染,疫病
禾本科,科,野燕麦
细菌性黑枯病,属于,农作物病害
细菌,包含,大肠杆菌
害虫,包含,昆虫
雄鱼,属于,动物
柑桔,被危害,锈虫虱
蜀桧,属于,树种
一季稻,属于,水稻
稻穗发黑长霉,属于,农作物病害
辛硫磷乳油,防治,蚜虫
过路黄,属于,畜牧业药物
农作物,包含,旋花科
鲁单9002,属于,农作物
猪群,属于,动物
碘硝酚,属于,畜牧业药物
细条病菌,属于,农作物病害
革兰氏阴性菌,属于,绿脓杆菌
蛛形纲,纲,茶橙瘿螨
速扑杂乳油,属于,农作物药物
玛丽华盛顿500W,属于,芦笋
农作物药物,包含,可杀得
夜蛾类,属于,农作物虫害
微生物,包含,地衣芽孢杆菌
碘酒,属于,畜牧业药物
丝瓜病毒病,属于,农作物病害
稻田,属于,农作物
大黄炭,属于,畜牧业药物
农作物,包含,水培花卉
农作物,包含,冬小麦
动物,包含,桑毛虫
牛,属于,动物
福尔马林液,属于,畜牧业药物
农作物疾病,包含,褐腐病
马齿菜,别名,马齿苋
农作物,包含,黄瓜
害虫,包含,水芋
腐霉利烟剂熏烟防治灰霉病,属于,农作物药物
农作物,包含,白茅根
喘气病,属于,动物疾病
贝壳,属于,动物
乙磷铝锰锌,防治,霜霉病
杀虫脒,属于,畜牧业药物
瓜类,包含,重茬
动物,包含,猴子
波尔多液,防治,落叶病
韭菜,被危害,葱蓟马
双星瓢虫,属于,农作物虫害
疾病,包含,百叶干病
维生素,属于,维生素E
貉子,别名,貉
食盐,属于,畜牧业药物
鲶鱼,属于,动物
蚕豆,属于,农作物
代林锌,属于,农作物药物
中药,包含,香附
辣椒,被危害,螨类
网斑病,属于,农作物病害
农作物,包含,宁粳3号
硼酸液,属于,畜牧业药物
成年树,属于,苹果树
中药,包含,川芎
玉米蓟,属于,农作物虫害
康复剂,属于,农作物药物
香椿,属于,树
牲畜,感染,人畜共患病
农作物,包含,羽扇豆
落葵,别名,木耳菜
空肠弯杆菌,属于,害虫
动物,包含,斑马
黑密5号,属于,农作物
疾病,包含,瘤胃臌气
艾,属于,艾叶
痢疾杆菌,属于,害虫
黄曲霉菌,属于,害虫
红花白荚架豆,属于,四季豆
高效氯氰菊酯,防治,枣步曲
动物,包含,磷虾
接穗黄,属于,农作物
农作物,包含,鱼腥草
中毒,属于,动物疾病
婆婆纳,属于,农作物
疾病,包含,猝倒病
微生物,包含,氯
非洲鲫鱼,别名,罗非鱼
农作物,包含,黑果枸杞
疾病,包含,螨虫
疾病,包含,犬钩端螺旋体病
李,被危害,食心虫
农作物,包含,落葵
害虫,包含,桃蛀螟
桃,属于,果树
豌豆,属于,农作物
泡桐,属于,农作物
微生物,包含,芽孢杆菌
甲氨基阿维菌素苯甲酸盐,防治,小菜蛾
营养液,属于,农作物药物
杀菌剂溶液,属于,农作物药物
兰,属于,农作物
邦佳威,属于,农作物药物
病毒病,属于,农作物虫害
榆叶梅,属于,农作物
美邦索洛米,防治,稻瘟病
大叶荠菜,属于,荠菜
穗瘟,属于,农作物病害
淀粉,包含,糯玉米
磷化铝,属于,农作物药物
传染病,包含,狂犬病毒
农作物,包含,草本
细菌性黑斑病,属于,农作物病害
硫丹,属于,农作物药物
黑兔,属于,动物
农作物,包含,尖椒
维生素K3,属于,畜牧业药物
农作物,包含,年宵花
吡虫啉可湿性粉剂,防治,蒙古灰象甲
霉灵可湿性粉剂,防治,叶斑病
扑海因,防治,晚疫病
多菇丰,防治,胡桃肉状菌
细菌,别名,病菌
动物,包含,黄羊
小麦,属于,农作物
花生茎叶,属于,农作物
病害,属于,农作物病害
猪缺锌性皮炎,属于,动物疾病
枣树,属于,农作物
农作物,包含,平菇
金叶女贞,属于,农作物
碱水,属于,农作物药物
水柳,属于,农作物
枣步曲,属于,农作物虫害
吡虫啉,防治,粉虱
农作物,包含,胃蝇
仔猪,属于,畜牧业药物
乳猪,属于,动物
病菇,属于,农作物病害
打印病,属于,动物疾病
马铃薯,感染,病毒
农作物,包含,武运粳21号
夏花鱼苗,属于,动物
棉花,感染,枯 黄萎病
灭蚜威,防治,蚜虫
尾蚴,属于,害虫
枳壳,属于,畜牧业药物
疾病,包含,大肠杆菌
辣椒,包含,甜椒
香石竹,属于,康乃馨
泌乳牛,属于,动物
大黄,属于,畜牧业药物
青菜虫,属于,农作物虫害
农作物,包含,甘遂
霜霉病,属于,农作物病害
黑松,属于,农作物
抗毒素,防治,病毒病
青年蛋鸭,属于,动物
中药,包含,茼蒿
蜜虫,别名,蚜虫
双花,属于,畜牧业药物
中药,包含,艾草
优马林,属于,畜牧业药物
菱角,属于,菱
害虫,包含,蛞蝓
棉花,属于,棉田
大豆,感染,多效唑
害虫,包含,囊蚴
铜高尚,属于,农作物药物
昆虫,包含,蝼蛄
公羊,属于,动物
烤烟,被危害,斜纹夜蛾
毛鳞鱼,属于,动物
农作物,包含,岗梅
辛硫磷,防治,葱蝇
花卉,包含,白玉兰
大白菜,属于,农作物
雄黄,属于,畜牧业药物
茅草根,属于,畜牧业药物
中药,包含,麦芽
春绿1号,属于,农作物
树干涂白,防治,病虫害
农作物,包含,芜菁
桑葚性心脏,属于,动物疾病
饲料,包含,赭曲霉毒素
癣病,属于,动物疾病
桑毛虫,属于,农作物药物
甘青蒿,属于,草本
乙烯利溶液,属于,农作物药物
新城疫,属于,动物疾病
中华猕猴桃,属于,农作物
杉树,属于,农作物
香椿,属于,农作物
苏气,属于,畜牧业药物
果树,感染,果轮纹病
农作物,包含,豆科牧草
鸡,属于,动物疾病
动物,包含,王锦蛇
百合花,属于,农作物
金雷,属于,农作物药物
菌毒清,属于,畜牧业药物
动物,包含,茶花
农作物,包含,冬瓜
传染性支气管炎病毒,属于,害虫
槐树,属于,农作物
沙门氏杆菌病,属于,动物疾病
双黄连注射液,属于,畜牧业药物
疾病,包含,白叶枯病
桑蓟马,属于,农作物虫害
霜脲氰,属于,农作物药物
动物,包含,直肠动物
敌杀死,属于,畜牧业药物
蟾蜍,属于,动物
农作物,包含,海韭菜
钻心虫,别名,菜螟
腈菌唑乳油,防治,白粉病
黄瓜,被危害,蚜虫
菌核病,属于,农作物病害
林,属于,农作物
慢性消耗性疾病,属于,动物疾病
三唑酮,防治,锈病
宝巾,属于,农作物
溴氰菊脂,防治,黄条跳甲
粉锈宁乳油,属于,农作物药物
南瓜头,属于,农作物
白皮松,属于,农作物
疾病,包含,狂犬病病毒
黑尾叶蝉,属于,农作物虫害
真菌,包含,姬松茸
池鱼,属于,动物
农作物,包含,板栗树
架子牛,属于,动物
中药,包含,牛蒡
微生物,包含,布鲁氏菌
大蒜,感染,腐烂
糯玉米,属于,农作物
蕉,属于,农作物
犊牛,属于,动物
酸中毒,属于,动物疾病
桔梗,属于,畜牧业药物
玉米青贮,属于,农作物
水枝柳,别名,千屈菜
病毒A,防治,病毒病
中药,包含,狗牙根
动物,包含,海湾扇贝
油,属于,农作物
可湿性粉剂,防治,软腐病
小寒王,属于,农作物
啄癖,属于,动物疾病
西药,包含,地塞米松
芽孢杆菌,属于,畜牧业药物
成年猪,属于,动物
桑,被危害,桑毛虫
病毒,导致,茼蒿立枯病
农作物,包含,白兰瓜
羊病,属于,动物疾病
有害疣孢霉病,属于,农作物病害
茄果类蔬菜,属于,蔬菜
农作物,包含,仙人球
纯白色君子兰,属于,农作物
维生素AD3粉,属于,畜牧业药物
大豆,包含,引豆9701
农作物,包含,月桂
农作物,包含,莲子草
噻菌铜溶液,属于,农作物药物
害虫,包含,玉米蚜
稻,属于,农作物
水柳,别名,千屈菜
真菌,包含,滑子蘑
土菌消,属于,农作物药物
抗氧化剂,防治,维生素E
疾病,包含,子猪
叶菜,属于,蔬菜
动物,包含,银鲑
农药中毒,属于,动物疾病
雉鸡,属于,动物
法桐大树,别名,法桐
短翅型成虫,属于,农作物虫害
鱼肝油,属于,畜牧业药物
菌毒通杀,属于,农作物药物
盐酸毛果芸香硷,属于,畜牧业药物
农作物,包含,荸荠
山羊,属于,动物
雏禽脑软化症,属于,动物疾病
疾病,包含,白肌病
农作物油,属于,畜牧业药物
龙虱,属于,害虫
疥癣,属于,动物疾病
西红柿,属于,农作物
鸟,纲,雁
害虫,包含,飞虱
山茶花,属于,农作物
昆虫,包含,囊蚴
动物,包含,鸭
莠锈灵乳油,属于,农作物药物
潜叶蝇,属于,农作物虫害
苏云金杆菌,防治,菜青虫
链霉素,防治,白叶枯病
青皮丝瓜,属于,农作物
水栗,别名,荸荠
瓜秧,属于,农作物
动物,包含,蛛形纲
细菌,包含,消炎药
农作物,包含,大青叶
农作物,包含,豌豆
百部,属于,畜牧业药物
细菌性角斑病,属于,农作物病害
害虫,包含,豇豆荚螟
肉雏鸡,属于,动物
中药,包含,海蜇皮
农作物,包含,盐肤木
草,别名,草本
病毒,导致,新城疫病毒
壮根钾宝,防治,裂果症
赤星病,别名,梨锈病
咯菌腈悬浮种衣剂,属于,农作物药物
农用链霉素,防治,软腐病
苍术,属于,畜牧业药物
肠道厌氧梭菌,属于,害虫
敌敌畏乳剂,防治,黄斑卷叶虫
饲,属于,动物
早竹,属于,农作物
疾病,包含,炎症
草菇V238,属于,农作物
冬小麦,属于,农作物
百菌清可湿性粉剂,防治,苹果斑点落叶病
大枣,属于,畜牧业药物
农作物,包含,竹柏
成虾,属于,动物
速灭杀丁,防治,豆荚螟
害虫,包含,韭蛆
农作物,包含,茜草
糯玉米,属于,甜糯玉米
菜螟,属于,农作物虫害
菜,属于,农作物
细菌,包含,疥癣
等量式波尔多液,属于,农作物药物
可杀得可湿性粉剂,防治,半边疯
动物,包含,南美白对虾
扑海因,防治,灰霉病
白杨,别名,白柳
微生物,包含,鸡腿菇
碧护,防治,叶片黄化
矮生秋菜,属于,农作物
败血症,属于,动物疾病
琴萌1号,属于,农作物
宝莲灯,属于,年宵花
疾病,包含,肥胖症
肉鸽,属于,动物
农作物,包含,甜玉米
果菜,属于,农作物
丹参根腐病,属于,农作物病害
鳊鱼,别名,草鳊
饵料鱼,属于,动物
急性传染病,属于,动物疾病
农作物,包含,火麻仁
郁金,属于,畜牧业药物
硼砂溶液,属于,农作物药物
花卉,包含,菖蒲
鱼类,属于,动物
催红剂,属于,农作物药物
吡虫啉乳油,属于,农作物药物
农作物,包含,巴西蘑菇
江蔬1号丝瓜,属于,农作物
肠炎,属于,动物疾病
彩叶马醉木,属于,农作物
夏小白菜,属于,农作物
鱼虫克星,属于,畜牧业药物
多年生草本花卉,属于,农作物
哺乳子猪,属于,动物
农作物,包含,地蚕
农作物,包含,何首乌
芸豆,别名,四季豆
公畜,属于,动物
甘蔗,属于,农作物
黄瓜,属于,蔬菜
果锈病,属于,农作物病害
磺胺噻唑纳溶液,属于,畜牧业药物
犬腺病毒I型,属于,害虫
寄生虫,属于,害虫
黑密2号,属于,农作物
农作物,包含,山葡萄
真菌,导致,农作物病害
猪肠炎,属于,动物疾病
白芦笋,属于,芦笋
农用硫酸链霉素可溶性粉剂,属于,农作物药物
鲜全草,属于,畜牧业药物
华支睾吸虫,属于,害虫
禾本科,科,稻谷
棉苗,属于,棉花
雪峰花皮,属于,农作物
疾病,包含,衣原体
番茄苗,属于,农作物
动物,包含,彭泽鲫鱼
李树,属于,农作物
中药,包含,西瓜皮
枣果,被危害,大造桥虫
尼索朗乳油,属于,农作物药物
鳜鱼,属于,动物
漂白粉,属于,农作物药物
蔬菜,包含,重茬
杜鹃花科,属于,农作物
农作物,包含,花生油
杀螨药,属于,畜牧业药物
保桑灵,属于,农作物药物
细菌,包含,光合细菌
红叶桃,属于,农作物
杀菌剂,包含,土菌消
蔷薇科,科,梨果
疾病,包含,白痢
鳖,属于,动物
引豆9701,属于,农作物
西瓜,被危害,蚜虫
铜铵,属于,农作物药物
矮生豇豆,属于,农作物
梨,感染,梨锈病
农作物,包含,补骨脂
菠菜,属于,农作物
水蛙,属于,动物
高山苦瓜,属于,农作物
白扁豆,属于,畜牧业药物
树桩盆景,别名,树桩
农作物,包含,合欢树
农利灵,防治,灰霉病
肉猪,属于,动物
桑芽枯病,属于,农作物病害
乐果乳油,属于,农作物药物
农作物,包含,红小豆
洋葱,属于,农作物
好年冬乳油,属于,农作物药物
荆芥,属于,畜牧业药物
秋薯,属于,农作物
西药,包含,盐酸土霉素
艾叶,属于,畜牧业药物
带毒犬,属于,动物
豆荚螟,属于,农作物虫害
中药,包含,蟹
鹌鹑,属于,动物
茄子苗,属于,蔬菜
丙森锌,属于,农作物药物
农作物,包含,青杂2号
盐酸肾上腺素注射液,属于,畜牧业药物
沙门氏菌病,属于,动物疾病
农作物,包含,硕丰
黄牛,属于,动物
金合欢苗,属于,农作物
真菌,包含,霉菌
鱼,科,塘鱼
真菌,导致,褐腐病
盐酸左旋咪唑,属于,畜牧业药物
茄子,感染,青枯病
十字花科,科,油菜籽
大红袍瓜,属于,南瓜苗
秋薯,被危害,早霜
多粘类芽孢杆菌,属于,农作物药物
农作物,包含,棉铃
风寒,属于,动物疾病
昆虫,属于,动物
扑虱灵可湿性粉剂,防治,蚧壳虫
姜,属于,农作物
农作物,属于,食用菌
蛾,属于,农作物虫害
板兰根,被危害,菜青虫
中药,包含,苏梗
犬传染性肝炎,属于,动物疾病
霉菌毒素吸附剂,属于,畜牧业药物
普水剂,属于,农作物药物
茵陈蒿,属于,畜牧业药物
大葱,被危害,棉铃虫
菜瓜,别名,西葫芦
菊科,科,茼蒿
棉花幼苗,属于,农作物
多菌灵可湿性粉剂,防治,叶枯病
肝片形吸虫,属于,害虫
六氯对二甲苯,属于,畜牧业药物
木耳,属于,食用菌
西药,包含,吡喹酮
疫苗悬液,属于,畜牧业药物
硫丹,防治,大造桥虫
孕畜,属于,动物
薏苡,被危害,黏虫
农作物,包含,枇杷
敌敌畏,防治,卷叶蛾
疾病,包含,牛肺疫
疾病,包含,鸡白痢
日灼病,属于,农作物病害
灭多威,防治,美国白蛾
农作物,包含,荨麻
90 晶体敌百虫,防治,蚜虫
杀病毒药剂,防治,花脸病
仙鹤草,属于,畜牧业药物
胫骨短粗症,属于,动物疾病
疾病,包含,促性腺激素
丙磺舒,属于,化学药品
中药,包含,枫杨
农作物,包含,雀舌草
鲁芦笋1号,属于,农作物
中华鼢鼠,属于,动物
农作物,包含,石榴皮
动物,包含,麝鼠
中药,包含,雀麦
台湾马醉木,属于,农作物
农作物,包含,糯稻
晚霜,属于,农作物病害
肉用犊牛,属于,动物
农作物,包含,凤仙花科
灭幼脲三号悬浮剂,属于,农作物药物
盐酸异丙嗪,属于,畜牧业药物
过氧乙酸,别名,消毒剂
青年兔,属于,动物
云纹斑病,属于,农作物病害
兔群,属于,动物
存塘蟹,属于,动物
丹参根结线虫病,属于,农作物病害
黄苓,属于,畜牧业药物
菜螟,危害,农作物
碱式硫酸铜悬浮剂,属于,农作物药物
铜制剂,属于,农作物药物
姜科,科,良姜
疾病,包含,鸡输卵管炎
螟虫,属于,农作物虫害
青年鸭,属于,动物
苍耳子,属于,畜牧业药物
托布津,防治,落叶病
鸭败血症,属于,动物疾病
景蜜宝,属于,西瓜
食欲减退,属于,动物疾病
苹果,感染,腐心病
姜粉,属于,畜牧业药物
茼蒿立枯病,属于,农作物病害
农作物,包含,牛膝
菱角,被危害,蚜虫
意杨苗,感染,叶锈病
鞣酸溶液,属于,畜牧业药物
甲维盐,防治,硫丹
动物,包含,鸭茅
吸浆虫,属于,农作物虫害
乐果乳剂,属于,农作物药物
贝壳粉,属于,畜牧业药物
枸杞子,属于,农作物
乐斯本,属于,农作物药物
动物,包含,沟鲶
荔枝,属于,农作物
黄瓜,被危害,粉虱
农作物,包含,莴苣
微生物,包含,致病微生物
大青萝卜,属于,萝卜芽
金花平喘散,属于,畜牧业药物
猪肺绦虫病,属于,动物疾病
辛硫磷乳油,防治,飞虱
毒株,属于,害虫
金霉素,属于,畜牧业药物
疯狗病,属于,动物疾病
抖抖病,属于,动物疾病
烂茄子,别名,茄子绵疫病
痢特灵,属于,畜牧业药物
疾病,包含,盲肠肝炎
豆科,科,掐不齐
锐劲特胶悬剂,属于,农作物药物
疾病,包含,胃蛋白酶
农作物,包含,刚竹
茶橙瘿螨,属于,农作物虫害
农作物,包含,吊兰
疾病,包含,耳血肿
银纹夜蛾,属于,农作物虫害
动物,包含,鲢鱼
疾病,包含,出血病
苯菌灵,属于,农作物药物
强力增产素,防治,早衰
长茄,属于,农作物
苜蓿,被危害,小地虎
农作物,包含,黑核桃
菊科牧草,属于,牧草
微生物,包含,荧光假单胞杆菌
百草一号,属于,农作物药物
农作物,包含,花菇
泰达新,属于,畜牧业药物
布鲁氏菌,属于,害虫
新高脂膜粉剂,属于,农作物药物
免疫学,属于,白细胞介素
新植霉素,属于,农作物药物
烤烟,被危害,烟蚜
农作物,包含,茯苓皮
菊酯类杀虫剂,属于,农作物药物
动物,包含,蛇毒
动物,包含,黑尾叶蝉
峨眉豆,属于,农作物
十字花科,科,萝卜属
铝胶灭活苗,属于,畜牧业药物
中药,包含,冰硼散
香菇,属于,食用菌
多菇丰,属于,农作物药物
晶体敌百虫,防治,潜叶蝇
玉米,属于,莱农14号
海棠,感染,苹果褐斑病
初乳加青,属于,害虫
桑树叶,属于,农作物
辣椒,感染,蚜虫
小白菜,被危害,菜青虫
氨基酸液肥,防治,细菌性病害
烟嘧磺隆,属于,农作物药物
鸭病毒性肝炎苗,属于,畜牧业药物
甜岩,属于,农作物
禾本科,科,牛筋草
农作物,包含,马拉巴栗
鸭疫巴氏杆菌病,属于,动物疾病
动物,包含,乌鸦
动物,感染,病毒病
害虫,包含,草鳊
甲维盐,属于,农作物药物
腐熟基肥,属于,畜牧业药物
辛硫磷,属于,畜牧业药物
动物,包含,缺氧症
茄子绵疫病,属于,农作物病害
农作物,包含,浚单20
菱角,别名,菱实
岩手青,属于,农作物
海带,属于,农作物
农作物,包含,狼尾草
大樱桃,属于,农作物
菊科,科,苦荬菜
百菌清,防治,炭疽病
高效氯氟氰菊酯,防治,潜叶蝇
龙芽草,属于,农作物
优碘,属于,畜牧业药物
狐,属于,动物
农作物,包含,花卉
农作物,包含,油葵
真菌,病原,根腐病
瓜类,被危害,甘蓝夜蛾
秦艽,属于,畜牧业药物
杀螟松,防治,豇豆荚螟
农作物,包含,橄榄
福尔马林液,属于,农作物药物
越冬蜂,属于,动物
农作物,包含,莲子
碧桃,属于,农作物
若虫,属于,农作物虫害
第一茬瓜,属于,农作物
板蓝根注射液,属于,畜牧业药物
卵虫净乳油,属于,农作物药物
小麦,被危害,棉铃虫
夏丝一号,属于,丝瓜
农用链霉素可湿性粉剂,防治,霜霉病
麝香石竹,属于,多年生草本花卉
喷施磷酸二氢钾,属于,农作物药物
百虫净,防治,菜青虫
鸭大肠杆菌病,属于,动物疾病
扑海因,属于,农作物药物
中药,包含,大黄苏打片
黄豆,属于,农作物
蚊虫,属于,害虫
尿素,属于,农作物药物
效唑,属于,农作物药物
有棱丝瓜,属于,农作物
枣虫快毙,防治,枣步曲
动物,包含,肉牛
绿蟹,属于,动物
福尔马林,属于,畜牧业药物
疾病,包含,腐蹄病
黑头病,属于,动物疾病
农作物,包含,贝母
夏白菜,属于,大白菜
荷花,属于,农作物
石榴树,感染,炭疽病
抗病毒I号,属于,畜牧业药物
病毒必克,防治,花叶病
动物,包含,田螺
好立克,防治,真菌性叶枯病
甜椒,感染,茎基腐病
农作物,包含,南天竹
晶体敌百虫,防治,葱蚜
动物,包含,山瑞鳖
桂花,属于,乔木和花灌木类
豆科,科,炙甘草
意杨苗,感染,皱叶病
白毛病,属于,动物疾病
农作物,包含,白玉兰
黄叶病,属于,农作物病害
农作物,包含,榨菜
中药,包含,巢蕨
疾病,包含,口蹄疫
西药,包含,硫酸卡那霉素
抑太保乳油,属于,农作物药物
瓜实蝇,属于,农作物虫害
发财树,别名,马拉巴栗
害虫,包含,蜱虫
青年鸡,属于,动物
病原体,属于,绿脓杆菌
菌克毒克水剂,属于,农作物药物
棉叶,属于,农作物
夜蛾科,科,银纹夜蛾
番茄,感染,番茄筋腐病
疾病,包含,根结线虫病
烟叶,属于,农作物
橙,属于,农作物
甲维盐,防治,棉铃虫
腻虫,属于,农作物虫害
农作物,包含,生地
中药,包含,桐
农作物,包含,焦白术
胡萝卜,属于,动物
乙酰甲胺磷,属于,农作物药物
旋花科,属于,农作物
植株,属于,农作物
大樱桃树,属于,农作物
桑疫病,属于,农作物病害
白掌,属于,年宵花
杀毒矾,防治,立枯病
黑鱼,别名,鳢
小麦,被危害,麦蜘蛛
油葵,属于,农作物
多菌灵,防治,菱瘟
盆景,属于,农作物
猴头菇,属于,食用菌
鱼腥草,属于,害虫
瑞锰锌,属于,农作物药物
掐不齐,属于,农作物
油菜子,属于,农作物
大功臣,属于,农作物药物
多肽预混剂,属于,畜牧业药物
中草药方剂,属于,害虫
幼犬,属于,动物
茶橙瘿螨,危害,农作物
皱叶病,属于,农作物病害
农作物,包含,徐稻3号
斑点细菌病,属于,农作物病害
茄子幼苗,属于,农作物
农作物,包含,鹰嘴豆
仔猪,别名,子猪
农作物,包含,香果
森锰锌,属于,农作物药物
猪慢性链球菌病,属于,动物疾病
农作物,包含,野燕麦
香菜,属于,农作物
真菌,病原,茼蒿立枯病
赤皮病,属于,动物疾病
肾上腺素,属于,畜牧业药物
动物,包含,钉螺
吊兰,属于,农作物
土霉素,属于,畜牧业药物
泽泻,属于,畜牧业药物
农作物,包含,鹤草
满园花子,属于,农作物
十三星瓢虫,属于,农作物虫害
马拉硫磷,属于,畜牧业药物
羊,属于,动物
甲基托布津可湿性粉剂,防治,玉米大斑病
青桐,属于,乔木和花灌木类
青花椰菜,属于,蔬菜
农作物,包含,紫花苜蓿
莱农14号,属于,玉米
金针菇,属于,农作物
黑茎病,属于,农作物病害
西葫芦,属于,蔬菜
杨树溃疡病,属于,农作物病害
甲霜灵霜霉威,属于,农作物药物
山茶,科,红茶
食葵,属于,农作物
真菌,包含,毛头鬼伞
咪鲜胺乳油,防治,叶斑病
早霜,属于,农作物病害
番茄,感染,炭疽病
枝干,属于,畜牧业药物
农作物,感染,水稻纹枯病
吡虫啉可湿性粉剂,防治,蚜虫
锌硫磷毒沙,防治,玉米螟
蘑菇,被危害,菇蚊成虫
桐树,属于,阔叶树
动物,包含,水产
金叶女贞,属于,小灌木类
蔬菜,包含,韭菜
菇体,属于,农作物
桑苗,属于,农作物
棉,属于,农作物
红花白荚架豆,属于,农作物
鹧鸪,属于,动物
菊科,科,艾叶
西府海棠,属于,农作物
快灵,防治,大造桥虫
蝇蛆病,属于,动物疾病
动物,包含,海螺
农作物,包含,苦瓜
好灭丹,属于,农作物药物
农作物,包含,银心吊兰
养兔,属于,动物
公鸡,属于,动物
胡桃,别名,核桃树
甜糯玉米,属于,农作物
新高脂膜,防治,霜霉病
农用链霉素可湿性粉剂,防治,菜青虫
农作物,包含,马兜铃
甜瓜,属于,农作物
热带虾,属于,动物
稻种,属于,农作物
动物,包含,孔雀鱼
中药材,属于,松香
农作物,包含,大丽花
动物,包含,雁
农作物,包含,胡桃
害虫,包含,月鳢
害虫,包含,胃蝇
菊科,科,鹤虱
肉丝瓜,属于,农作物
农作物,包含,野艾
井冈霉素水剂,防治,纹枯病
石菖蒲,属于,畜牧业药物
动物,包含,鲟
韭蛆,属于,农作物虫害
细菌,包含,花生青枯病
榆树,属于,农作物
动物,包含,獭兔
粘虫,属于,农作物虫害
黑腹果蝇,属于,动物
土豆,属于,农作物
农作物,包含,芦笋
中大型慈鲷鱼,属于,动物
小叶女贞,属于,农作物
鼠,属于,害虫
代森锰锌,防治,斑枯病
敌杀死,属于,农作物药物
微生物,包含,辣椒疫霉
春薯,属于,农作物
代森锰锌可湿性粉剂,防治,菜蚜
花灌木类,属于,农作物
新高脂膜,防治,软腐病
香葱,被危害,葱蓟马
涂白剂,属于,农作物药物
患猪,属于,动物
樱桃,被危害,梨小食心虫
菜蛾科,科,小菜蛾
人兽共患病,属于,动物疾病
甲鱼,属于,动物
葱,属于,农作物
沉水农作物,属于,农作物
桂花树,属于,农作物
树桩,属于,农作物
疾病,包含,寄生虫病
中药,包含,水芹
早熟晚粳稻,属于,水稻
番茄,感染,晚疫病
绿肥萝卜,属于,农作物
V20,属于,农作物
虾,属于,动物
动物,包含,球虫
梨属,属于,杜梨
茯苓皮,属于,畜牧业药物
毒死蜱微囊悬浮剂,防治,金龟子
肉鹅,属于,动物
真菌,包含,雷丸
鲜大蒜,属于,畜牧业药物
氯化铵,属于,畜牧业药物
烤烟,感染,青枯病
西兰花,被危害,菜青虫
茯苓,属于,畜牧业药物
越夏小黄瓜,属于,小黄瓜
皂苷,属于,畜牧业药物
农作物,包含,香荽
豇豆,被危害,蚜虫
丝瓜,感染,白粉病
波美5-6度石硫合剂,属于,农作物药物
农作物,包含,金鱼藻
克露,属于,农作物药物
动物,包含,昆虫
雏鸭呼吸道疾病,属于,动物疾病
猪丹毒,属于,动物疾病
农用链霉素,属于,农作物虫害
患羊,属于,动物
中草药,包含,侧柏叶
向日葵,感染,白粉病
莲藕,别名,藕
彩色马蹄莲,感染,软腐病
中兽药,属于,害虫
晶体石硫合剂,属于,农作物药物
抗球虫药物,属于,畜牧业药物
晶体敌百虫,属于,畜牧业药物
金星消毒液,属于,农作物药物
马,属于,动物
丹参,被危害,银纹夜蛾
磺胺甘油,属于,畜牧业药物
向日葵,感染,黑斑病
黑头病,别名,盲肠肝炎
杜邦万克灵,防治,蛴螬
烟青虫,属于,作物虫害
脓肿,属于,动物疾病
初生犬,属于,动物
上海青,别名,油菜
豆科,科,百脉根
奶犊牛,属于,动物
金合欢幼苗,属于,农作物
农作物,包含,樱桃
瓜类炭疽病,属于,农作物病害
银边吊兰,属于,吊兰
农作物,包含,多年生草本花卉
向日葵,被危害,红蜘蛛
猪流行性,属于,动物疾病
霜霉威盐酸盐,属于,农作物药物
柴鸡,属于,动物
农作物,包含,大樱桃
井岗霉素,防治,菱瘟
普通丝瓜,属于,丝瓜
鸽子,别名,肉鸽
云形病,属于,农作物病害
奎乙醇,属于,畜牧业药物
人参,属于,畜牧业药物
害虫,包含,钻心虫
蚊,属于,害虫
农作物,包含,犊牛
中药,包含,鲫鱼
碘甘油,属于,畜牧业药物
何首乌,属于,畜牧业药物
生长育肥猪,属于,动物
梭鱼,属于,动物
猪肠炎腹泻,属于,动物疾病
传染性法氏囊炎,防治,清瘟败毒散
大姜,被危害,地老虎
百菌清,防治,紫斑病
冰片,属于,畜牧业药物
农作物,包含,南瓜子
夜蛾科,科,夜蛾
疾病,包含,球虫病
百菌清可湿性粉剂,防治,紫斑病
龙果,属于,农作物
板瓜,属于,农作物
代森锰锌,防治,青枯病
鸡病,属于,动物疾病
大白菜,感染,霜霉病
鲜芦根,属于,畜牧业药物
磺胺制剂,属于,畜牧业药物
鞣酸,属于,畜牧业药物
害虫,包含,旱獭
便秘病,属于,动物疾病
西药,包含,氯喹
野猪,属于,动物
乐果,防治,蚜虫
徐稻3号,属于,中熟中粳稻
黑松,属于,乔木和花灌木类
动物,包含,发财树
疾病,包含,原虫病
农作物,包含,杏鲍菇
新高脂膜,防治,菜青虫
农作物,包含,眉豆
白韭菜,属于,韭菜
胡萝卜,感染,软腐病
微生物,包含,弓形虫
金银花,被危害,老虎害虫
甲维盐,防治,大造桥虫
磺胺药,属于,畜牧业药物
大豆,属于,杂粮
硫酸链霉素,属于,农作物药物
黄瓜,感染,霜霉病
大白菜,别名,白菜
杜鹃,属于,花
养殖鱼类,属于,动物
南豆12,属于,大豆
磺胺二甲基嘧啶,属于,畜牧业药物
农作物,包含,蔬菜
动物,包含,热带鱼
农作物,包含,良姜
农作物,包含,菠菜
大白菜,感染,软腐病
农作物,包含,温州蜜柑
蔬菜,防治,灭蚜威
白糖,属于,畜牧业药物
蜂王,属于,动物
猪肺疫,属于,动物疾病
棉花,感染,黄萎病
根腐灵,属于,农作物药物
农作物,包含,鬼针草
支原体肺炎,防治,多西环素
公鸭,属于,动物
苏云金杆菌制剂,属于,农作物药物
农作物,包含,防风
水稻纹枯病,属于,农作物病害
防污剂,属于,农作物药物
敌百虫,属于,畜牧业药物
菇虫净杀虫剂,属于,农作物药物
菊科牧草,属于,农作物
圆葱,属于,农作物
敌敌畏乳剂,属于,农作物药物
挺水农作物,包含,漂浮农作物
绿之源,属于,农作物药物
水果,属于,农作物
生石灰,属于,畜牧业药物
动物,包含,黑曲霉
高效氯氰菊酯,防治,桃小食心虫
水产,属于,罗非鱼
抑太保,属于,农作物药物
兔瘟,属于,动物疾病
煤霉病,属于,农作物病害
蟹苗,属于,动物
细菌,包含,沙门氏菌
疥螨病,属于,动物疾病
商品猪,属于,动物
赤小豆,属于,畜牧业药物
微生物,包含,白灵菇
豆科作物,属于,农作物
苹果树,属于,树
患鸡,属于,动物
动物,包含,鲈
越夏彩椒,属于,农作物
支原体肺炎,属于,动物疾病
氧化乐果,防治,玉米蓟
老虎害虫,属于,农作物虫害
强氯精,属于,农作物药物
炭疽福美,属于,农作物药物
兰花,感染,白绢病
代森锰锌复配剂,属于,农作物药物
淮稻9号,属于,农作物
巴氏杆菌病,属于,动物疾病
豆瓣菜,感染,锈病
石灰粉,属于,农作物药物
微生物,包含,平菇
晚疫病,属于,农作物病害
白皮松,属于,乔木和花灌木类
丝瓜,被危害,螨类
氢氧化铜,属于,农作物药物
西维因,属于,农作物药物
心脏病,属于,动物疾病
番茄,感染,裂果症
敌敌畏,防治,粘虫
扑海因,防治,早疫病
鸽子,别名,乳鸽
百穴虫,属于,农作物虫害
病毒,导致,花生网斑病
六谷子,属于,农作物
灯芯草,属于,畜牧业药物
绦带虫病,属于,动物疾病
可湿性粉剂,属于,嘧霉胺
淡竹叶,属于,畜牧业药物
茄科,科,烟草
农作物,包含,野豌豆
橘皮,别名,陈皮
虫,防治,有机磷农药
中药,包含,丹皮
上海青,属于,农作物
水疱病,属于,动物疾病
犊,属于,动物
甲霉灵,属于,农作物药物
番茄,感染,灰霉病
西瓜,属于,农作物
栝楼,别名,吊瓜
微生物,包含,灭菌
花卉,包含,虾衣花
茼蒿,感染,疫病
白痢,属于,动物疾病
鹄,属于,动物
野杂鱼,属于,动物
害虫,包含,胞蚴
龙芽草,别名,马鞭草
肠道疾,属于,动物疾病
患牛,属于,动物
害虫,包含,蝗虫
沙糖桔,属于,农作物
琥胶肥酸铜,属于,农作物药物
花卉,包含,粉掌
菱实,属于,农作物
南陵青果豆,属于,农作物
抗蚜威液剂,属于,农作物药物
辣椒,感染,蔬菜白粉病
红花,属于,害虫
蔷薇科,科,杜梨
盲眼,属于,动物疾病
疾病,包含,羊痘
心腐病,属于,农作物病害
黄花鱼,属于,动物
革兰氏阳性菌,属于,放线菌
啄羽,属于,动物疾病
黄鼠狼,属于,动物
菜豆,属于,蔬菜
食用菌,属于,农作物
煤烟病,属于,农作物病害
睾丸炎,属于,动物疾病
马兜铃,科,青木香
农作物,包含,西葫芦
农作物,包含,藻类
车前草,属于,农作物
蔬菜,包含,胡萝卜
害虫,包含,蛴螬
毛茛科,包含,葫芦科
甲基硫菌灵可湿性粉剂,防治,菌核病
豆,属于,农作物
中华倒刺鲃,属于,生物
农作物,包含,油松
动物,包含,成年犬
高锰酸钾,属于,畜牧业药物
芥菜,属于,农作物
抱卵虾,属于,动物
豆苗,属于,农作物
梨树,属于,农作物
母鹅,属于,动物
喹乙醇原粉,属于,畜牧业药物
纤毛虫病,属于,动物疾病
动物,包含,乳鸽
疾病,包含,伤食
华山松,属于,农作物
菜豆,别名,四季豆
安钠咖,属于,畜牧业药物
气囊炎,属于,动物疾病
疾病,包含,黑粉病
腐烂,属于,农作物病害
疾病,包含,维生素B12
氯霉素,属于,畜牧业药物
草鸡,别名,土鸡
红糖,属于,畜牧业药物
三唑磷,属于,农作物药物
动物,包含,黄胸鼠
小麦,感染,麦红蜘蛛
茯苓皮,别名,茯苓
万春农作物助长剂,属于,农作物药物
棉花,被危害,棉铃虫
大白菜,感染,病毒病
鱼病,属于,动物疾病
农作物,包含,芍药
年宵花,属于,农作物
姬松茸,别名,地松茸
酚磺乙胺注射液,属于,畜牧业药物
动物,包含,公鸡
真菌,导致,农作物虫害
苹果树,属于,农作物
水仙,属于,农作物
猪支原体弱毒苗,属于,畜牧业药物
圆葱,别名,洋葱
菇虫净,防治,菇蚊成虫
蜗牛敌颗粒剂,属于,农作物药物
促花王3号,属于,农作物药物
硫酸钾,属于,农作物药物
赭曲霉毒菌,属于,害虫
鞘翅目,目,金针虫
雷蚴,属于,害虫
蒲公英,属于,畜牧业药物
疮痂病,属于,农作物病害
小麦,感染,颖枯病
果蔬,属于,农作物
花卉,包含,薰衣草
金霉素,属于,农作物药物
疫苗液,属于,畜牧业药物
生蝇蛆,属于,动物
敌草快,属于,除锈剂
蓖麻叶,属于,农作物
农作物,包含,杜鹃花科
甜菜,属于,农作物
美洲驼,别名,驼羊
天泰10号,属于,玉米
农作物,包含,黄皮
弱毒苗,属于,害虫
黑五田胡萝卜,属于,蔬菜
栀子,属于,农作物
中药,包含,芥菜
百菌清胶悬液,属于,农作物药物
茄果类,属于,蔬菜
幼兔,属于,动物
农作物,包含,野豌豆属
黑密5号,属于,西瓜
秋菊花,属于,农作物
农作物,包含,蔷薇科
病毒,导致,梨锈病
动物,包含,田鼠
百菌清可湿性粉剂,防治,叶斑病
加州72,属于,农作物
葫芦科,科,南瓜子
害虫,包含,麦红蜘蛛
腻虫,别名,玉米蚜
中药制剂,属于,畜牧业药物
豆瓣菜,感染,叶枯病
昆虫,包含,蝗虫
动物,包含,草菇
农作物,包含,黑杨
矮丰王,属于,农作物药物
彩色玫瑰,属于,农作物
徐稻3号,属于,农作物
大造桥虫,属于,农作物虫害
大蒜,感染,白腐病
戎唑醇,属于,农作物药物
蓝耳病,属于,动物疾病
黄瓜,属于,农作物
害虫,包含,蓟马
红叶桃,属于,乔木和花灌木类
霍乱,属于,动物疾病
农作物,包含,乌菱
扫帚病,别名,竹丛枝病
麻油,别名,香油
瑞香,别名,金边瑞香
胃肠黏膜损伤,属于,动物疾病
铁锚虫病,属于,动物疾病
梨黑星病,属于,农作物病害
菌克毒克水剂,防治,花叶病
杀虫剂,属于,西维因
蒜叶青,属于,农作物药物
嘧霉胺悬浮剂,属于,农作物药物
茶云纹叶枯病,属于,农作物病害
毛茛科,包含,泽泻科
金银花,被危害,蚜虫
鲁白6号,属于,农作物
百草霜,属于,畜牧业药物
毛茛科,包含,姜科
辛硫磷,属于,农作物药物
虫卵,属于,农作物虫害
中药,包含,蚕蛹
百菌清,属于,农作物药物
碳酸氢钠溶液,属于,畜牧业药物
绿爽,防治,地老虎
农作物,包含,阳起石
真菌性叶枯病,属于,农作物病害
害虫,包含,螨类
动物,包含,大叶黄杨
大花惠兰,属于,农作物
桑螟,属于,农作物药物
农作物,包含,鸭儿芹
百菌清,防治,疫病
大闸蟹,属于,动物
益酶丽维,属于,畜牧业药物
噻呋酰胺制剂,属于,农作物药物
东方美人茶,科,茶
灵芝,属于,农作物
茼蒿,感染,茼蒿立枯病
琥胶肥酸铜可湿性粉剂,防治,灰霉病
愈伤防腐膜,属于,农作物药物
敌百虫可溶性粉剂,防治,黄曲条跳甲
小油菜,属于,蔬菜
微生物,包含,螨虫
农作物,包含,青萝卜
细菌,包含,肺炎链球菌
农作物,包含,麝香
农作物,包含,糯玉米
豆角,感染,细菌性角斑病
白绢病,属于,农作物病害
抗菌,属于,畜牧业药物
腰椎间盘炎,属于,动物疾病
中药,包含,水晶兰
微生物,包含,白色念珠菌
细菌,包含,苏云金杆菌
烟草,感染,线虫病
泽泻科,科,慈菇
有机磷农药,属于,农作物药物
鸭瘟弱毒冻干苗,属于,畜牧业药物
疾病,包含,狂犬病毒
芦笋,被危害,地老虎
萘乙酸,防治,脐腐病
茄子苗,属于,农作物
敌百虫可溶性粉剂,防治,小猿叶虫
微生物,包含,巴西蘑菇
呼吸系统鼻炎,属于,动物疾病
农作物,包含,无籽西瓜
小麦,被危害,吸浆虫
农作物,包含,甘蓝
慢性呼吸道疾病,属于,动物疾病
苜蓿干草,属于,动物
小麦,感染,麦蚜
辣椒,感染,青枯病
营养,属于,硒
阿维菌素,防治,红蜘蛛
托布津,防治,炭疽病
抗生素注射液,属于,畜牧业药物
动物,包含,淡水鱼
雏鸭,属于,动物
农作物,包含,吊瓜
丰产树,属于,苹果树
福尔马林,属于,农作物药物
安克锰锌可湿性粉剂,防治,烂茄子
豆科,科,山毛豆
鱼,感染,鱼病
黄萎病,别名,半边疯
野菊花,属于,农作物
毛茛科,科,升麻
农作物,包含,铁线莲
农作物,包含,结缕草
海鱼,属于,动物
田鼠,别名,老鼠
小羊,属于,动物
荔枝,属于,果园
乐果乳油,防治,葱蓟马
噻枯唑,属于,农作物药物
阿克泰可湿性粉剂,防治,烟蚜
越冬适龄蜂,属于,动物
大米,属于,农作物
防疫,属于,动物疾病
栎树,属于,农作物
野鹅,属于,动物
农作物,包含,水蜈蚣
豆科牧草,属于,牧草
高效氯氰菊酯,防治,绿盲蝽
微生物,包含,大肠杆菌
青豆,别名,豌豆
微生物制剂,属于,畜牧业药物
美国白蛾,属于,农作物虫害
吡虫啉杀虫剂,属于,农作物药物
葡萄,感染,褐斑病
害虫,包含,豆荚螟
动物,包含,西门塔尔牛
山茶,目,红茶
农作物,包含,柃木
棉花,被危害,盲椿象
氧化乐果,防治,蚜虫
夏白45,属于,农作物
大肠杆菌肠炎,属于,动物疾病
农作物,包含,竹节秋海棠
传染性浆膜炎,属于,动物疾病
仔兔,属于,动物
克螨特,属于,农作物药物
蚜科,科,麦蚜
胃肠炎,属于,动物疾病
绿掌,属于,农作物
微生物,包含,盲椿象
动物,感染,酮病
中药,包含,地榆炭
叶子花,属于,农作物
生长猪,属于,动物
代森锰锌,属于,农作物药物
抗虫威可湿性粉剂,防治,葱蓟马
公母兔,属于,动物
花菜,别名,菜花
肥皂水,包含,氢氧化钠
克菌特,属于,农作物药物
害虫,包含,麦蚜
疾病,包含,布鲁氏菌病
磷酸钙,属于,农作物药物
银荆,别名,圣诞树
鱼类,包含,田螺
疫苗,属于,狂犬病疫苗
紫薇,属于,农作物
农作物,包含,谷子
疾病,包含,食欲减退
害虫,包含,痒螨
大肠杆菌,属于,动物疾病
瓜绢螟,属于,农作物虫害
农作物,包含,牛筋草
疾病,包含,脑
烯啶虫胺,属于,农作物药物
动物,包含,北京鸭
异食癖,属于,动物疾病
曲霉菌病,属于,动物疾病
波尔多液,防治,叶斑病
大白菜,包含,夏白45
中药,包含,消毒药
月季,属于,花卉
中草药,包含,艾叶
果腐病,别名,桃褐腐病
雅绿1号丝瓜,属于,农作物
土霉素,属于,农作物药物
水灯草,属于,农作物
农作物,包含,落果
疾病,包含,犬细小病毒
微生物,包含,水藻
偷娘姜,属于,农作物
海棠,被危害,梨小食心虫
辛硫磷,防治,蒜蛆
抗病毒药,属于,干扰素
绿叶菜,属于,蔬菜
红体病,属于,动物疾病
化学药品,包含,胱氨酸
禾蓟马,属于,农作物虫害
花,属于,农作物
茄子绵疫病,别名,烂茄子
成年禽,属于,动物
瑞锰锌,防治,霜霉病
法桐大树,属于,农作物
粘孢子虫病,属于,动物疾病
白韭菜,属于,农作物
鱼尾葵,别名,假桄榔
紫斑病,属于,农作物病害
工蜂,属于,动物
白粉病,属于,农作物病害
玛丽华盛顿500号,属于,芦笋
动物,包含,鲐鱼
核桃树,属于,农作物
疾病,包含,新城疫
万畜康,属于,畜牧业药物
番茄,感染,疫病
白萝卜籽,属于,畜牧业药物
氢氧化铜水分散粒剂为铜制剂,属于,农作物药物
氟派酸,属于,畜牧业药物
辛硫磷乳油,属于,农作物药物
地下害虫,属于,蛴螬
钻心虫,别名,玉米螟
疾病,包含,肺炎支原体
小米草,属于,农作物
三角梅,别名,九重葛
真菌,病原,茎枯病
猪,别名,猪瘟
多维,属于,畜牧业药物
细菌,包含,链球菌
农作物,包含,滑子蘑
树,属于,农作物
发热性疾病,属于,动物疾病
冻疮猪,属于,动物
农作物,包含,鱼尾葵
荔枝,感染,新梢黄化症
冬春小白菜,属于,蔬菜
貉,属于,动物
肠鳃宁原露,属于,畜牧业药物
锐劲特,防治,豆荚螟
动物,包含,盐酸克伦特罗
大蒜,感染,叶枯病
除草剂,属于,农作物药物
石灰,属于,农作物药物
疾病,包含,腐皮病
甲霜灵霜霉威,防治,霜霉病
马齿苋科,属于,农作物
重茬病,属于,农作物病害
马拉巴栗,属于,农作物
农作物,包含,旅人蕉科
莴苣,感染,霜霉病
猪传染性胃肠炎,属于,动物疾病
高美施,属于,农作物药物
肠冠清,属于,畜牧业药物
害虫,包含,老鼠
稻谷,属于,杂粮
彭泽鲫鱼,属于,动物
蛋氨酸,属于,畜牧业药物
碧桃,属于,乔木和花灌木类
蚯蚓,属于,动物
农作物,包含,广香
氨水,属于,畜牧业药物
灭蝇胺可湿性粉剂,防治,斑潜蝇
吸虫病,属于,动物疾病
蒜,属于,蒜薹
畜牧业药物,防治,动物疾病
金鱼草,属于,农作物
疾病,包含,酮病
蜀桧,属于,农作物
夜蛾科,科,粘虫
血肿病,属于,动物疾病
杜鹃花,属于,年宵花
革兰氏,属于,害虫
马铃薯,属于,蔬菜
樱桃,属于,大樱桃
南瓜苗,属于,农作物
疾病,包含,根腐病
猪禽,属于,动物
金黄小斑鳝,属于,动物
动物,包含,水貂
微生物,包含,花菇
烂舌病,属于,动物疾病
抗生素,包含,红霉素
蔬菜,包含,油菜
硕丰,属于,农作物药物
鱼类,包含,孔雀鱼
消化机能障碍,属于,动物疾病
白羽,属于,动物
条腐病,属于,农作物病害
保肝药物,属于,畜牧业药物
氨基酸,属于,农作物药物
农作物,包含,锦葵
猪瘟疫苗,属于,畜牧业药物
蔷薇科,科,黑树莓
小叶女贞,属于,小灌木类
水稻,感染,稻瘟病
农作物,包含,藕
硫酸链霉素可溶性粉剂,属于,农作物药物
甘蓝,属于,菜花
新洁尔灭液,属于,畜牧业药物
瓜类,属于,蔬菜
患兔,属于,动物
土霉素碱,属于,畜牧业药物
蔬菜,包含,豆角
鞘翅目,属于,蛴螬
病毒,导致,苹果褐斑病
生猪,属于,动物
病毒唑,属于,畜牧业药物
吊瓜,感染,霜霉病
乙蒜素,属于,农作物药物
苹果树,感染,苦痘病
晶体敌百虫,属于,农作物药物
羊狂蝇,属于,害虫
疾病,包含,犬瘟热
中型兔,属于,动物
疾病,包含,假单孢杆菌
胡萝卜,感染,黑斑病
农作物,包含,灰菜
野艾,属于,农作物
害虫,包含,烟青虫
雪峰花皮,属于,西瓜
水生农作物,属于,农作物
农作物,包含,莴笋
农作物,包含,桑白皮
鳊,别名,草鳊
昆虫,包含,蜻蜓
青链霉素,属于,畜牧业药物
环节动物,属于,动物
大红袍瓜,属于,农作物
豆饼毒饵,防治,地老虎
动物,包含,水生动物
诺瑞隆,属于,畜牧业药物
农作物,包含,山桃
鞘翅目,目,蛴螬
害虫,包含,桃小食心虫
鲤鱼,属于,动物
苎麻根,属于,畜牧业药物
维生素B12,属于,畜牧业药物
雪野黑兔,属于,动物
疾病,包含,纤毛虫病
桅子,属于,花卉
微生物,包含,黑曲霉
成鹿,属于,动物
根腐病,属于,农作物病害
动物,包含,黑牛
嘧霉胺悬浮剂,防治,霜霉病
瘤胃臌胀病,属于,动物疾病
胡萝卜,被危害,蛴螬
多杀菌素,属于,农作物药物
葫芦科,科,吊瓜
农作物,包含,鸟巢蕨
毛头鬼伞,别名,鸡腿菇
灭蚜威,属于,农作物药物
中鸭,属于,动物
油柿,属于,农作物
髓坏死,属于,农作物病害
百菌清,防治,霜霉病
葡萄,感染,霜霉病
微生物,包含,衣原体
啶虫脒可溶性粉剂,属于,农作物药物
蛭形巨吻棘头虫,属于,害虫
瘤胃臌气,属于,动物疾病
害虫,包含,褐孢霉
阔叶树,属于,农作物
玉米,被危害,玉米蓟
枯,属于,农作物病害
梨,属于,果树
辣椒,被危害,蚜虫
消毒灵液,属于,畜牧业药物
动物,包含,鳝
果树,感染,梨黑星病
害虫,包含,桑螟
茉莉花,属于,茉莉
菇虫净,属于,农作物药物
夜蛾科,科,地老虎
抗生素,包含,氯霉素
瑞锰锌,防治,病毒病
幼蟹,属于,动物
贯众,属于,畜牧业药物
公母鹅,属于,动物
发病虾,属于,动物
豆科,科,儿茶
水稻后期叶部病害,属于,农作物病害
农作物,包含,高羊茅
青花椰菜,属于,农作物
水稻,感染,稻恶苗病菌
大青叶,属于,农作物
农作物,包含,漏芦
农作物,包含,沉水农作物
桔梗,别名,桔
花卉,包含,蟹爪兰
90 晶体敌百虫,防治,叶蝉
西府海棠,属于,乔木和花灌木类
胶白6号,属于,农作物
卡诺拉,属于,农作物药物
农作物,包含,桔
丙森锌,别名,安泰生
茯苓,属于,茯苓皮
鹅瘟,属于,动物疾病
猕猴桃,属于,农作物
白秋美浓,属于,农作物
敌百虫,属于,农作物药物
农作物,包含,葡萄科
生石灰,属于,农作物药物
蟹,属于,动物
镇稻11号,属于,农作物
农作物,包含,天泰10号
蔬菜,感染,土壤次生盐渍化
辛硫磷,防治,吸浆虫
小灌木类,属于,农作物
疾病,包含,妊娠毒血症
农作物,包含,光头稗
甲维盐,防治,甜菜夜蛾
苏云金杆菌制剂,防治,瓜绢螟
虫克星,属于,畜牧业药物
克螨敌,属于,农作物药物
叶枯唑,属于,农作物药物
单味石膏粉,属于,畜牧业药物
芹菜,属于,农作物
纹枯病,属于,农作物病害
四季豆,属于,农作物
玉米螟,属于,农作物虫害
细菌,包含,巴氏杆菌
深黄大斑鳝,属于,动物
康培2号,属于,农作物药物
代森锰锌可湿性粉剂,防治,苹果斑点落叶病
棉苗,属于,农作物
土隆,防治,地老虎
花卉,包含,紫薇
花卉,包含,唐菖蒲
蔷薇科,科,大樱桃树
仔猪,属于,动物
北京新1号大白菜,属于,大白菜
链霉素,防治,野火病
前后盘吸虫,属于,害虫
美洲斑潜蝇,属于,农作物虫害
扑虱灵,属于,农作物药物
莴苣,属于,农作物
疾病,包含,支原体肺炎
农作物,包含,梨属
晶体敌百虫,防治,豆荚螟
蚊蝇,属于,动物
麦红蜘蛛,属于,农作物病害
农作物,包含,薰衣草
呕吐,属于,动物疾病
害虫,包含,鸡虱
泰勒氏焦虫,属于,害虫
农作物,包含,榆
地塞米松,属于,畜牧业药物
胡萝卜,被危害,地下害虫
真菌,病原,梨锈病
农作物,包含,紫叶李
蔷薇科,科,红叶石楠
农作物,包含,艾草
皖绿,属于,丝瓜
玉米芯,属于,畜牧业药物
农作物,包含,种子农作物
高美施有机腐殖酸活性液,防治,小果症
害虫,包含,菜蛾科
桂花,属于,桂花树
感冒,属于,动物疾病
土豆,别名,马铃薯
农作物,包含,胡萝卜
农作物,包含,红富士
西瓜皮,属于,农作物
满穗,属于,农作物药物
咪鲜胺乳油,防治,叶枯病
葡萄藤,属于,农作物
番茄,感染,霜霉病
禽类,属于,动物
红棕竹,属于,农作物
农作物,包含,麦芽
金鹏朝冠番茄,属于,农作物
农作物,包含,荷花
微生态制剂,属于,畜牧业药物
白杨,感染,杨树溃疡病
蛆虫,属于,动物
荠菜,感染,霜霉病
小白菜,被危害,蚜虫
水草,属于,农作物
病毒,导致,农作物病害
农作物,包含,远志
害虫,包含,小菜蛾
鼠,属于,农作物虫害
辣椒,属于,蔬菜
抗菌,防治,抗菌肽
动物,包含,黑树莓
疾病,包含,坏死杆菌病
多菌灵,属于,农作物药物
辛硫磷乳油,防治,霜霉病
真菌,包含,纹枯病
农作物,包含,球兰
茄子,属于,农作物
蚧壳虫,属于,农作物虫害
农作物,包含,播娘蒿
老枣树,属于,枣树
肺热咳嗽,属于,动物疾病
十字花科,科,年宵花
金纹细蛾,属于,农作物虫害
石榴,属于,石榴树
微生物,包含,草菇
野,属于,动物
蔬菜,别名,大棚蔬菜
菜油,属于,畜牧业药物
吊瓜,属于,农作物
穗蚜,属于,农作物虫害
鼠伤寒沙门氏菌,属于,微生物
干草,属于,农作物
多菌灵可湿性粉剂,防治,斑枯病
瑞毒霉锰锌,属于,农作物药物
敌杀死,防治,平小卷叶虫
红糖,属于,农作物药物
猪病,属于,动物
凡士林,属于,畜牧业药物
世高 阿米妙收,防治,白粉病
国槐,属于,树
硫酸锌粉,属于,畜牧业药物
农作物,包含,菜花
害虫,包含,卷叶蛾
阿坝蒿,属于,农作物
灭多威,属于,农作物药物
万灵+新高脂膜,属于,农作物药物
疾病,包含,咳嗽
农作物,包含,西芹
动物,包含,食肉目
伊乐藻,属于,农作物
溴氰菊脂,防治,菜螟
飞蛾,属于,动物
动物,感染,锚头蚤病
花卉,包含,广玉兰
王铜,防治,细菌性软腐病
兔,属于,家兔
花卉,包含,鲜切花
花卉,包含,倒挂金钟
第一茬瓜,属于,西瓜
玉树,属于,农作物
鲩鱼,属于,动物
疾病,包含,氨中毒
炙甘草,属于,畜牧业药物
番茄,感染,早疫病
板兰根,属于,畜牧业药物
黑鱼,别名,乌鳢
中药,包含,西药
禾本科牧草,属于,牧草
中药,包含,大青叶
金龟,别名,瓢虫
鱼血停,属于,畜牧业药物
蛇眼病,属于,农作物病害
西药,包含,阿莫西林
麦芽,属于,农作物
蔬菜,感染,蔬菜急性萎蔫
细菌,包含,白喉
甲维盐,防治,毒死蜱
锌硫磷乳油,防治,玉米螟
葱锈病,属于,农作物病害
葡萄,属于,农作物
动物,包含,北极狐
花粉,属于,畜牧业药物
乔木,包含,海棠花
农作物,包含,豆蚜
疾病,包含,线虫病
小麦,感染,锈病
疾病,包含,鱼病
动物,感染,褐腐病
紫荆,属于,花卉
鱼苗,属于,动物
微生物,包含,羊肚菌
动物,包含,雉
肉用子鸡,属于,动物
绿萝,属于,农作物
氯氰菊酯,属于,农作物药物
退菌特可湿性粉剂,防治,苹果炭疽病
动物,包含,工蜂
耕牛,属于,动物
疲劳症,属于,动物疾病
害虫,包含,粉蚧
葫芦科,科,栝楼
伤寒,属于,动物疾病
大蒜,被危害,真菌
芍药,属于,农作物
茄子,感染,茄子绵疫病
红薯,属于,农作物
动物,包含,候鸟
丙硫苯眯唑,属于,畜牧业药物
兰花,被危害,介壳虫
退菌特可湿性粉剂,防治,苹果轮纹病
疫苗,属于,畜牧业药物
消化不良,别名,伤食
喉气管炎高免卵黄抗体,属于,畜牧业药物
农作物,包含,青皮丝瓜
敌草快,属于,农作物药物
氟硅酸,属于,农作物药物
农作物,包含,小米草
农作物,包含,绿豆
害虫,包含,绿盲蝽
微生物,防治,病菌
疾病,包含,猪肺疫
动物,包含,马骡
农作物,包含,海蜇皮
蜱,属于,害虫
蜱瘫,属于,动物疾病
金边吊兰,属于,吊兰
油菜,被危害,甘蓝夜蛾
花卉,包含,大花惠兰
知母,属于,畜牧业药物
地老虎,属于,农作物虫害
白腐病,属于,农作物病害
桑叶,属于,农作物
中药,包含,地蚕
农作物,包含,尿素
农作物,包含,巴豆
核桃树,感染,杨树溃疡病
农作物,包含,白菊
蛇,属于,动物
乐果,属于,农作物药物
大白菜,包含,绿星70
骨粉,属于,畜牧业药物
辛硫磷乳剂,属于,畜牧业药物
农作物,感染,细菌性软腐病
果树,感染,花脸病
子猪,属于,畜牧业药物
中药,包含,山葡萄
疫苗水,属于,畜牧业药物
红树莓,属于,农作物
倍硫磷,属于,畜牧业药物
尾尖,属于,畜牧业药物
中药,包含,松节油
胡萝卜,包含,蔬菜
螨,属于,害虫
气管炎,属于,动物疾病
猪只,属于,动物
生根粉,属于,农作物药物
除锈剂,属于,农作物药物
苹果,属于,农作物
杜邦万克灵,防治,蒙古灰象甲
鸡,别名,土鸡
龙虱,目,鞘翅目
锐劲特,防治,斜纹夜蛾
姜科,科,干姜
平菇,属于,农作物
辛硫磷乳油,防治,菜青虫
棕榈科,科,大腹皮
茶树,感染,轮斑病
甲霜灵锰锌,防治,晚疫病
绿得保胶悬剂,防治,苹果斑点落叶病
甘青蒿,属于,农作物
绿菜宝,防治,斑潜蝇
白粉虱,属于,农作物虫害
麦蜘蛛,属于,农作物虫害
稻瘟病菌,属于,农作物病害
农作物,包含,草棉
农作物,包含,甜糯玉米
绵蚜虫,属于,农作物虫害
中毒,属于,害虫
奶牛,属于,动物
农作物,包含,根腐灵
井岗霉素,属于,农作物药物
鹅群,属于,动物
薏苡,别名,薏米
雪松,属于,农作物
疾病,包含,细菌性肠炎
阿维菌素,防治,小菜蛾
番茄,感染,青顶症
敌敌畏乳剂,防治,平小卷叶虫
害虫,包含,架子牛
农作物,包含,小龙柏
十字花科,科,大青叶
茄链格孢菌,属于,农作物虫害
桑保Ⅱ号,防治,桑疫病
粉虱,属于,农作物虫害
芦笋,感染,褐斑病
竹节秋海棠,属于,水培花卉
农作物,包含,西瓜皮
甲霜灵粉剂,属于,农作物药物
琥胶肥酸铜可湿性粉剂,防治,软腐病
杏,被危害,梨小食心虫
猪,属于,动物
急性肠炎,属于,动物疾病
狂犬病,属于,动物疾病
小绿叶蝉,属于,农作物虫害
菜豆,属于,农作物
生理性枯萎,属于,农作物病害
枣果,被危害,桃小食心虫
阿莫西林,属于,畜牧业药物
农作物,包含,铁苋菜
肉牛,防治,瘤胃素
桑尺蠖,属于,农作物药物
甲醛,属于,农作物药物
高粱,感染,黑穗病
甘蓝,属于,紫甘蓝
疾病,包含,白喉
乔木,属于,农作物
氧化钙,别名,生石灰
辛,属于,农作物药物
农作物,包含,大葱
桃树,感染,桃褐腐病
石硫合剂,属于,农作物药物
百菌清,防治,锈病
农作物,包含,水稻
豆瓣菜,被危害,黄曲条跳甲
甲基托布津,防治,炭疽病
鱼类,包含,淡水鱼
金华平喘散,属于,畜牧业药物
快灵,属于,农作物药物
农作物,包含,菊科
农作物,包含,椰菜
荠菜,属于,农作物
蒜薹,属于,农作物
油柿,属于,柿树
百菌清可湿性粉剂,防治,锈病
农作物,包含,巨峰葡萄
抗病毒药,属于,畜牧业药物
肺炎,属于,动物疾病
中药,包含,荨麻
害虫,包含,茶尺蠖
秋梢,属于,农作物
鼠兔,属于,生物
动物,包含,鲮鱼
景天树,别名,燕子掌
中药,包含,熟地黄
腹泻,不良反应,病毒唑
碳酸氢铵,属于,农作物药物
农作物,包含,青豌豆
农作物,包含,麻黄
豆瓣菜,被危害,小猿叶虫
叶枯唑,防治,白叶枯病
小麦,感染,叶枯病
幼鹅,属于,动物
咽喉炎,属于,动物疾病
小麦,感染,白粉病
中药,包含,石榴皮
水稻,感染,细条病菌
甜菜夜蛾,属于,农作物虫害
果树,属于,树
矮生番茄,属于,农作物
敌敌畏,防治,瓜实蝇
速尿注射液,属于,畜牧业药物
金黄色葡萄球菌,属于,害虫
棉粉虱,属于,粉虱
抗虫威可湿性粉剂,防治,种蝇
兔瘟单联苗,属于,畜牧业药物
花脸病,属于,农作物病害
农作物,包含,苏梗
福尔马林溶液,属于,农作物药物
真菌,病原,苹果褐斑病
啶虫脒,属于,农作物药物
升麻,属于,畜牧业药物
蜱虫,属于,害虫
恶草酮,属于,农作物药物
鳝鱼,属于,动物
中药,包含,豆腐
敌敌畏乳油,属于,农作物药物
真菌,包含,平菇
棉花,感染,细菌性角斑病
抗菌消炎药,属于,畜牧业药物
农作物,包含,玉米
坏死杆菌病,属于,动物疾病
萝卜,属于,蔬菜
细菌性褐斑病,属于,农作物病害
细菌,包含,破伤风梭菌
腈菌唑乳油,属于,农作物药物
乌鳢苗,属于,动物
微生物,包含,革兰氏阳性菌
花卉,包含,含羞草
农作物,包含,石榴根皮
黑五田胡萝卜,属于,农作物
口腔黏膜溃烂,属于,动物疾病
硫丹,防治,桃小食心虫
溴氰菊脂,属于,农作物药物
猝倒病,属于,农作物病害
磷酸三钠水溶液,属于,农作物药物
低龄蜂,属于,动物
退菌特,属于,农作物药物
百虫净,防治,夜蛾
疾病,包含,疥癣病
农作物,包含,海桐
腐蹄病,属于,动物疾病
敌敌畏,防治,飞虱
草鱼,属于,动物
高效氯氰菊酯,防治,美国白蛾
景丰宝,属于,农作物
景天树,属于,农作物
消毒剂,属于,畜牧业药物
硫酸铜,属于,农作物药物
马蹄莲,别名,水芋
圣诞树,属于,农作物
农作物,包含,雀麦
疾病,包含,传染性支气管炎
食肉目,目,水貂
叶片黄化,属于,农作物病害
恶性水肿,属于,动物疾病
春夏大白菜,属于,蔬菜
黄芪,属于,畜牧业药物
农作物,包含,紫穗槐
克螨灵 吡虫啉,防治,红蜘蛛
菊科,科,葵
桃褐腐病,感染,黄桃
河蟹肠炎病,属于,动物疾病
疫霉根腐病,属于,农作物病害
球虫病,属于,动物疾病
害虫,包含,甘蓝夜蛾
助壮素,防治,小果症
芹菜,感染,叶斑病
木通,属于,农作物
破伤风,属于,动物疾病
动物,包含,禽
杨柳树,属于,农作物
牧草,属于,农作物
苯醚甲环唑,属于,农作物药物
鱼,属于,鱼类
杀菌剂,属于,农作物药物
保树胶,属于,农作物药物
多效唑,防治,大豆皱缩花叶病
球虫药,属于,畜牧业药物
白鲢夏花,属于,动物
农作物,包含,彩色玫瑰
甲基硫菌灵,防治,白粉病
农作物,包含,油菜
荷兰猪,别名,豚鼠
产蛋鸡,属于,动物
水疱,属于,动物疾病
杀虫剂,属于,灭蚜威
氨水,属于,农作物药物
动物,包含,秋刀鱼
耳螨,属于,害虫
必杀螟,属于,农作物药物
向日葵,被危害,甲虫
害虫,包含,黑刺粉虱
百菌清可湿性粉剂,防治,蛇眼病
蚕卵,属于,动物
红斑,别名,赤星病
苏云金杆菌,防治,夜蛾类
弯曲瓜,属于,农作物
鸡蛋,属于,动物
罗非鱼指环虫病,属于,动物疾病
溃疡病,属于,农作物病害
罗氏沼虾,属于,动物
附子,属于,畜牧业药物
害虫,包含,蒙古灰象甲
害虫,包含,玉米螟
农作物,包含,豆角
玉米,感染,玉米大斑病
免疫学,属于,灭活疫苗
筋腐病,属于,农作物病害
草食家禽,属于,动物
辣椒疫霉,属于,农作物虫害
中药,包含,狼尾草
甲霜灵锰锌,防治,灰霉病
无籽西瓜,属于,农作物
茄科,科,彩椒
黄瓜,被危害,菜青虫
七叶树,属于,农作物
中药,包含,鲈鱼
扬粳4038,属于,农作物
农作物,包含,蒲公英
果树,属于,农作物
满园花子,属于,萝卜芽
夹螟,属于,农作物虫害
菌核净,属于,农作物药物
电解质钠,属于,畜牧业药物
草本,属于,农作物
动物,包含,貉
甲基托布津可湿性粉剂,防治,叶斑病
鸡蛋清,属于,畜牧业药物
糖尿病,属于,动物疾病
农作物,包含,蟹爪兰
传染性支气管炎病,属于,动物疾病
小猿叶虫,属于,农作物虫害
百菌清,防治,白粉病
喜林芋类花卉,属于,水培花卉
百菌清可湿性粉剂,防治,叶枯病
萝卜,属于,莱菔子
疾病,包含,茶云纹叶枯病
三月红,属于,农作物
疮痂病,别名,梨黑星病
凤梨,属于,农作物
魏氏梭菌病,属于,动物疾病
代森铵,属于,农作物药物
农作物,包含,西兰花
慈姑,属于,农作物
疾病,包含,传染性鼻炎
来福灵,属于,农作物药物
宁粳3号,属于,早熟晚粳稻
果树落叶蝉,属于,农作物虫害
动物,包含,林麝
免疫佐剂,属于,畜牧业药物
竹类,属于,刚竹
已烯雌酚,属于,畜牧业药物
熟地黄,属于,畜牧业药物
半边疯,属于,农作物病害
农作物,包含,抱卵虾
草药,属于,畜牧业药物
黑刺粉虱,属于,农作物虫害
胡椒,属于,畜牧业药物
老鼠,属于,害虫
动物,包含,罗氏沼虾
草青岭,属于,农作物虫害
害虫,包含,指环虫属
头孢噻呋钠,属于,畜牧业药物
棉花,被危害,盲蝽象
害虫,包含,虻
多菌灵,防治,褐斑病
化学药品,包含,硫酸卡那霉素
二溴海因,属于,畜牧业药物
动物,包含,豚鼠
花卉,包含,四季海棠
豆饼毒饵,防治,蝼蛄
高渗葡萄糖注射液,属于,畜牧业药物
乌鳢,别名,生鱼
干旱,属于,农作物病害
黄豆,防治,老虎害虫
中药,包含,贝母
浚单20,属于,玉米
银边吊兰,属于,农作物
疾病,包含,败血症
蛆,属于,动物
池底清,属于,农作物药物
农作物,包含,木炭
楔形变带绦虫病,属于,动物疾病
疾病,包含,菌核病
红蜘蛛,属于,农作物虫害
去甲肾上腺素,属于,畜牧业药物
骡,属于,动物
糜子,属于,农作物
农作物,包含,燕子掌
疾病,包含,水霉病
白菜,感染,细菌性软腐病
粉锈宁,属于,农作物药物
大豆,感染,花叶病
紫色长茄,属于,长茄
易感鸡,属于,动物
氟吗啉,属于,农作物药物
农作物,包含,海带
幼畜,属于,动物
萝卜,被危害,蚜虫
害虫,包含,烟蚜
马铃薯,防治,锐劲特
茶,包含,黄金桂
三唑酮,属于,农作物药物
蜀桧大树,属于,树
动物,包含,羊
波氏杆菌病,属于,动物疾病
代森锰锌,防治,病毒病
四季萝卜,属于,蔬菜
农作物,包含,婆婆纳
香果,别名,川芎
巴波疫苗,属于,畜牧业药物
花叶病,属于,农作物病害
中药,包含,壁虎
农作物,包含,过江藤
麦叶蜂,属于,农作物病害
绿菜宝,属于,农作物药物
对虾,属于,动物
复硝酚钠水剂,防治,细菌性病害
菊科,科,阿坝蒿
中药,包含,焦白术
甲霜铜,属于,农作物药物
农作物,包含,苦参
农作物,包含,紫甘蓝
大青萝卜,属于,农作物
茶饼,属于,畜牧业药物
草莓,感染,蛇眼病
海杂鱼,属于,动物
白肌病,属于,动物疾病
禾本科,科,狗牙根
病菌,属于,农作物病害
农作物,包含,朱顶红
甜玉米,属于,农作物
昆虫,包含,玉米螟
炭疽福美可湿性粉剂,防治,苹果炭疽病
梨锈病,属于,农作物病害
金银花,属于,农作物
恐水病,属于,动物疾病
金心吊兰,属于,吊兰
微生物,包含,金霉素
害虫,包含,黑翅土白蚁
疾病,包含,农药中毒
动物,包含,白鲢
青黑喙鸡,属于,动物
纹枯病,防治,恶霉灵
香石竹,属于,农作物
地榆炭,属于,畜牧业药物
甲基托布津,属于,农作物药物
脐腐病,属于,农作物病害
三唑酮可湿性粉剂,防治,锈病
真菌,包含,白色念珠菌
护树将军,防治,冻害
炭疽福美可湿性粉剂,防治,苹果轮纹病
纤维素性心包炎,属于,动物疾病
中药,包含,香果
中药,包含,华山松
褐色斑,属于,农作物病害
铁沙掌,防治,蚜虫
农作物,包含,菜心
火麻仁,属于,畜牧业药物
果腐病,属于,农作物病害
多菌灵,防治,苹果炭疽病
农作物,包含,棉籽
白毛病,别名,肤霉病
农作物,感染,疫病
草鳊,别名,鳊
猪瘟,属于,动物疾病
枣果,被危害,绿盲蝽
微生物,包含,有益菌
冻害,属于,农作物病害
麦蚜,属于,农作物病害
农作物,感染,梨黑星病
锈病,属于,农作物病害
草莓,感染,白粉病
小麦,被危害,麦蚜
冬春小白菜,属于,农作物
水霉病,属于,动物疾病
霉 锰锌可湿性粉剂,防治,叶斑病
菲醌,属于,农作物药物
中华绒螯蟹,别名,大闸蟹
农作物,包含,小扁豆
野荞麦根,属于,畜牧业药物
桃蚜,别名,烟蚜
杀虫精,属于,畜牧业药物
树桩盆景,别名,盆景树桩
普力克,防治,疫病
螨净乳油,防治,锈虫虱
可杀得,防治,细菌性软腐病
公母鸡,属于,动物
软腐病,属于,农作物病害
白砂糖,别名,白糖
假单孢杆菌,属于,农作物虫害
囊病宁,属于,畜牧业药物
山楂,感染,梨锈病
豆粕,属于,农作物
花卉,属于,农作物
京津1号,属于,西瓜
高效氯氰菊酯乳油,属于,农作物药物
杏,属于,农作物
真菌,包含,大肠杆菌
烂皮病,属于,农作物病害
野狗,属于,动物
疾病,包含,毛细线虫病
害虫,包含,瓢虫
蚕蛹,属于,动物
稻,包含,连粳7号
鸡虱,属于,害虫
番茄,感染,白粉病
菌净,属于,畜牧业药物
假桄榔,别名,鱼尾葵
圆蓝五肽,属于,畜牧业药物
动物,包含,蜻蜓
菇菌清,属于,农作物药物
农作物,包含,广玉兰
中药,属于,畜牧业药物
乔木,包含,桂花树
银鲑,属于,动物
鳖,别名,山瑞鳖
疾病,防治,去甲肾上腺素
穿心红,属于,萝卜芽
拉稀,属于,动物疾病
鳕科鱼,属于,动物
青芦笋,属于,芦笋
动物,包含,蜂王
碧护,防治,花脸病
敌杀死,防治,红蜘蛛
猪,感染,猪流行性感冒
可杀得,属于,农作物药物
卷叶蛾,属于,农作物虫害
瓜皮,属于,农作物
草莓,被危害,蛴螬
甜椒,属于,辣椒
桑,被危害,桑尺蠖
呼吸道疾病,属于,动物疾病
马铃薯,属于,农作物
中药,包含,野艾
农作物,包含,草药
磺胺类药,属于,畜牧业药物
红叶小檗,属于,农作物
肝脓病,属于,动物疾病
甲哌鎓化控,属于,农作物药物
成年鹅,属于,动物
甲醛水剂,属于,农作物药物
黄脂病,属于,动物疾病
蜀桧大树,属于,农作物
大豆,感染,霜霉病
微生物,包含,滑子蘑
疾病,包含,血糖
硫丹,防治,绿盲蝽
棉田,属于,农作物
梨,感染,梨黑星病
波尔多液,属于,农作物虫害
害虫,包含,粘虫
甲虫,属于,农作物虫害
呼吸道线虫病,属于,动物疾病
皮肤病,属于,动物疾病
花卉,包含,茶花
陈皮,属于,畜牧业药物
发财树,属于,农作物
玄参,属于,害虫
三棱,属于,农作物
农作物,包含,博落回
瓜类,属于,农作物
腺胃肥大,属于,动物疾病
农作物,包含,番木瓜
快灵,防治,桃小食心虫
胡荽,属于,农作物
穿心连,属于,畜牧业药物
凤尾草,属于,畜牧业药物
核桃,属于,农作物
农作物,包含,刺槐
中药,包含,香荽
农作物,包含,干姜
农作物,包含,金心吊兰
野鸡,别名,雉鸡
禾本科,科,禾本科杂草
棉花,防治,锐劲特
兔病,属于,动物疾病
菜籽,属于,农作物
农作物,包含,荷兰豆
青年禽,属于,动物
螺蛳,属于,动物
磺胺类药物,属于,畜牧业药物
农作物,包含,大花惠兰
农作物,包含,山荆子
乙磷铝可湿性粉剂,防治,软腐病
中药,包含,药饵
蒜,属于,蔬菜
冬植蔗,属于,农作物
水稻,防治,锐劲特
豇豆,感染,煤霉病
底质改良剂,属于,畜牧业药物
害虫,包含,桃蚜
片形吸虫,属于,害虫
君子兰,属于,年宵花
小白菜,属于,农作物
蜂,属于,动物
真菌,病原,赤星病
农作物,包含,水芹
敌可松,防治,丹参根腐病
花生,被危害,蛴螬
灭虫乳油,属于,农作物药物
丝瓜,感染,炭疽病
农作物,包含,洋葱
农作物,防治,草木灰
夏秋美浓,属于,农作物
阿克泰,属于,农作物药物
晶体敌百虫,防治,葱蓟马
乙磷铝锰锌,属于,农作物药物
农作物,包含,水草
小白菜,被危害,夜蛾类
甲鱼,别名,山瑞鳖
抗氧化剂,属于,畜牧业药物
农作物,包含,大枣
杂交水稻,属于,农作物
蝇毒磷,属于,畜牧业药物
真菌,导致,茄子绵疫病
桃树,属于,果园
根肿病,属于,农作物病害
宁南霉素水剂,属于,农作物药物
子兔,属于,动物
硫酸卡那霉素,属于,畜牧业药物
农作物,包含,雀稗
苜蓿,别名,紫花苜蓿
农作物,包含,京白梨
害虫,包含,绦虫
肌肉注射维生素B1,属于,畜牧业药物
夜蛾,属于,农作物虫害
茶,属于,农作物
藕,感染,褐斑病
氧化乐果,属于,农作物药物
桃褐腐病,属于,农作物病害
农作物,感染,花叶病
玉树,别名,景天树
豆科,科,豌豆芽
烟株,属于,农作物
果林,属于,农作物
微生物,包含,抗菌
梅花斑状病,属于,动物疾病
半边莲,属于,畜牧业药物
美人蕉,属于,农作物
麝香石竹,别名,康乃馨
疾病,包含,肾上腺素
病毒A,属于,农作物药物
新诺明,属于,畜牧业药物
疾病,包含,传染性法氏囊病
盐酸环丙沙星,属于,农作物药物
动物,感染,轮状病毒
黄豆,防治,蚜虫
成虫,属于,农作物虫害
菊科,科,油葵
家兔,属于,动物
菌丹,属于,农作物药物
御丹,属于,农作物药物
广木香,属于,畜牧业药物
茶叶,属于,黄金桂
杂粮,属于,农作物
动物,包含,黄花鱼
瓜苗,属于,西瓜
甲基托布津,防治,猝倒病
微生物,包含,鸡油菌
甜椒,属于,农作物
甲基立枯磷乳油,属于,农作物药物
山茶,属于,农作物
稻叶,属于,农作物
中药,包含,阿胶
蜀桧大树,别名,蜀桧
动物,包含,微孢子虫
丁香,属于,畜牧业药物
甲霜灵锰锌,防治,疫病
疾病,包含,急性病
安克锰锌可湿性粉剂,防治,茄子绵疫病
磺胺,属于,畜牧业药物
熏烟剂,防治,细菌性病害
微生物,包含,氰
克霜氰,属于,农作物药物
农作物,包含,秋子梨
金橘,属于,农作物
潜叶蛾,被危害,黄桃
丰产灵,防治,软腐病
芹菜,感染,软腐病
中药材,属于,农作物
鹿,属于,动物
化学药品,包含,维生素D3
有棱丝瓜,属于,丝瓜
鸭瘟疫苗,属于,畜牧业药物
病鸡,属于,畜牧业药物
花卉,包含,葫芦科
鲢鱼,属于,动物
速扑杂乳油,防治,黑刺粉虱
中药,包含,良姜
农作物,包含,甜菜
兔瘟疫苗,属于,畜牧业药物
琥胶肥酸铜可湿性粉剂,防治,叶枯病
玉米,属于,杂粮
猪繁殖与呼吸综合症,属于,动物疾病
番薯,属于,红薯
大粒型,属于,草菇
真菌,病原,向日葵褐斑病
害虫,包含,天牛
高锰酸钾,别名,消毒剂
咪鲜,属于,农作物药物
苏梗,属于,畜牧业药物
毒死蜱,防治,大造桥虫
新梢黄化症,属于,农作物病害
害虫,包含,豆蚜
肠炎病,属于,动物疾病
浆液性关节炎,属于,动物疾病
蜗牛,属于,农作物虫害
芦笋,被危害,斜纹夜盗蛾
鳜鱼苗,属于,动物
害虫,包含,线虫
疾病,包含,传染性法氏囊炎
农作物,包含,淡竹
草菇,属于,农作物
苏云金杆菌,属于,农作物药物
溴氰菊脂,防治,菜青虫
柑,属于,农作物
亩旺特,属于,农作物药物
辣椒幼苗,属于,蔬菜
新高脂膜,防治,病菌
动物,包含,鲫
支气管肺炎,属于,动物疾病
酒精,属于,畜牧业药物
真菌,包含,黑曲霉
农作物,包含,水生农作物
防盗蜂,属于,动物
硫菌 霉威可湿性粉剂,防治,病害
敌杀死,防治,顶梢卷叶虫
烟根,属于,农作物
真菌,包含,真菌病
棉铃虫,属于,农作物虫害
剑带绦虫,属于,害虫
焦白术,属于,畜牧业药物
果树,感染,金纹细蛾
葱蝇,属于,农作物虫害
多菌灵可湿性粉剂,防治,大蒜白腐病
长寿花,属于,花卉
辣椒,感染,病毒病
盲蝽,属于,农作物虫害
鞘翅目,目,蒙古灰象甲
番薯,别名,甘薯
粉掌,属于,农作物
疾病,包含,指环虫病
褐斑病叶面病,属于,农作物病害
缺窝老苗,属于,农作物病害
农作物,包含,苋科
薯类,属于,农作物
苦木,属于,畜牧业药物
茴香,属于,畜牧业药物
胡萝卜,被危害,蒙古灰象甲
百会穴,属于,畜牧业药物
农作物,包含,含羞草
杂交水稻,属于,水稻
果园,属于,农作物
蝇,属于,害虫
癞蛤蟆,别名,蟾蜍
肉鸭,属于,动物
禾本科,科,披碱草
流感病毒,防治,病毒灵
农作物,包含,猪殃殃
农作物,包含,茅草根
藻类,属于,农作物
害虫,包含,绿孔雀
中药,包含,硼砂
腐烂病,属于,农作物病害
伤风感冒,属于,动物疾病
瑞毒霉粉剂,属于,农作物药物
农作物,感染,霜霉病
枯萎性,属于,农作物病害
硼砂,属于,农作物药物
农作物,包含,陈皮
害虫,包含,美国白蛾
丁硫克百威,属于,农作物药物
稻,包含,籼稻
月季,属于,农作物
大蒜,感染,病菌
晚稻,属于,水稻
棉花,属于,棉籽
妙效肠安,属于,畜牧业药物
马,感染,沙门氏菌病
微生物,包含,盲蝽
健胃制剂,属于,畜牧业药物
辣椒,属于,农作物
万寿菊,属于,花卉
细菌性败血病,属于,动物疾病
中药,包含,麻油
莱菔子,属于,畜牧业药物
稻叶,属于,水稻
向日葵,被危害,蚜虫
香附子,别名,香附
农作物,包含,干草
多菌灵可湿性粉剂,防治,小斑病
南美白对虾病,属于,动物疾病
桃,属于,碧桃
虾体,属于,动物
消毒灵,属于,畜牧业药物
可湿性粉剂,属于,农作物药物
桐树,属于,农作物
蚜虱净,防治,红蜘蛛
农作物细胞分裂素,属于,农作物药物
虱,属于,害虫
土鸡,别名,草鸡
三乙磷酸铝,属于,农作物药物
农作物,包含,马醉木
农作物,包含,八仙花
卵黄抗体,属于,畜牧业药物
叶蝉,被危害,黑肩绿盲蝽
硼酸水,属于,畜牧业药物
茄科,科,黑果枸杞
辛乳油,防治,桑尺蠖
南瓜子,属于,畜牧业药物
平小卷叶虫,属于,农作物虫害
潜叶蛾,属于,农作物虫害
杜鹃,属于,农作物
稻,包含,武运粳24号
萝卜,感染,霜霉病
农作物,包含,木耳菜
害虫,包含,毛头鬼伞
鸭传染性浆膜炎,别名,鸭疫巴氏杆菌病
鱼尾葵属,属于,鱼尾葵
海芋,属于,花木
坏死性肠炎,属于,动物疾病
防风,属于,畜牧业药物
肛门淋,属于,动物疾病
南粳44,属于,早熟晚粳稻
豇豆,被危害,豇豆荚螟
猕猴桃,感染,腐烂病菌
鲜切花,属于,农作物
农作物,包含,棕榈科
雌鱼,属于,动物
茄科,科,尖椒
丝瓜,感染,细菌性软腐病
仔母兔,属于,动物
农作物,包含,青岛架豆
羊狂蝇蛆病,属于,动物疾病
细菌性软腐病,属于,农作物病害
病毒类肠道疾病肠炎病,属于,动物疾病
动物,包含,鲮
动物,包含,鸭苗
经产牛,属于,动物
农作物,包含,苗木
肠炎等,属于,动物疾病
草莓,包含,重茬
痒螨,属于,害虫
蔓荆子,属于,农作物
杀菌剂,包含,精甲霜灵
维多利,属于,畜牧业药物
青皮,属于,畜牧业药物
农用链霉素,属于,农作物药物
农作物药物,防治,农作物虫害
快灵,防治,绿盲蝽
天牛,属于,农作物虫害
三角鲂,属于,动物
花卉,包含,白掌
三苯甲咪唑,别名,克霉唑
动物,包含,土鸡
中药,包含,灵芝草
西兰花,属于,农作物
水仙花,属于,农作物
徒长菌丝,属于,农作物
动物,包含,沙蚕
中药,包含,亚麻
贡选1号,属于,农作物
动物,包含,鳗鲡
抗生素,防治,细菌性病害
疾病,包含,癞
苋科,科,莲子草
小麦,被危害,灰飞虱
棚菜,属于,农作物
缓冲液,属于,畜牧业药物
犬布鲁氏菌病,属于,动物疾病
果树,感染,小卷叶蛾
腈菌唑乳油,防治,霜霉病
碳酸氢钠,属于,畜牧业药物
寄生瓜果疫霉,属于,农作物虫害
黄瓜,被危害,白粉虱
穿心莲,属于,畜牧业药物
三角鲂,属于,生物
山毛豆,属于,农作物
害虫,包含,根瘤蚜
石榴树,被危害,锈壁虱
夏花鱼种,属于,动物
农用硫酸链霉素可溶性粉剂,防治,菌核病
动物,包含,鳊鱼
中药,包含,野豌豆属
咪唑王,属于,畜牧业药物
蜜香红茶,属于,农作物
淡水鱼,感染,烂尾病
湿泡病,属于,农作物病害
左旋咪唑,属于,畜牧业药物
菇丰,属于,农作物药物
嘧霉胺,属于,农作物药物
地下害虫,属于,农作物虫害
香石竹,别名,麝香石竹
小茨藻,属于,农作物
蔷薇科,科,富士苹果
甘蓝夜蛾,属于,农作物虫害
瓜蔓,属于,农作物
农作物,包含,马鞭草
农作物,包含,黄刺玫
鳙鱼,属于,动物
羊只,属于,动物
吡虫啉杀虫剂,防治,白粉虱
农作物,包含,桐树
营养,属于,脂肪
吡蚜酮悬浮剂,属于,农作物药物
花菇,属于,农作物
幼仔兔,属于,动物
第二茬瓜,属于,西瓜
家鱼,属于,动物
桑,被危害,桑螟
甘草绿豆汤,属于,畜牧业药物
农作物,包含,苹
蔬菜,属于,农作物
农作物,包含,苦皮藤
甲维盐,防治,小菜蛾
农作物,包含,升麻
真菌,包含,草菇
糙米,属于,农作物
鲜毛茛全草,属于,畜牧业药物
米兰,属于,农作物
辛硫磷乳油,防治,玉米蓟
隐形乳房炎,属于,动物疾病
乐斯本,防治,夜蛾
马齿菜,属于,农作物
大葱锈病,属于,农作物病害
农作物,包含,侧柏叶
烂蹄,属于,动物疾病
蒙古灰象甲,属于,农作物虫害
南方大口鲶,属于,动物
雪松,属于,乔木和花灌木类
萝卜属,属于,青萝卜
非洲鲫鱼,属于,动物
桅子,属于,农作物
波斯猫,属于,动物
农作物,包含,土牛膝
动物,包含,草鱼
甲基托布津,防治,赤霉病
中药,包含,鸭儿芹
中药禽菌灵,属于,畜牧业药物
害虫,包含,半滑舌鳎
潍春白1号,属于,农作物
立枯病,防治,恶霉灵
肠炎型出血病,属于,动物疾病
水滴病,属于,农作物病害
农作物,包含,烤烟
杀病毒药剂,防治,叶片黄化
母兔,属于,动物
疾病,包含,溃疡
绿纱,属于,农作物
黄芪粉,属于,畜牧业药物
弯瓜,属于,农作物
山楂,属于,畜牧业药物
杨梅,被危害,梨小食心虫
苹果酸,属于,畜牧业药物
光合细菌,属于,农作物药物
中药,包含,麝香
花卉,包含,翠菊
香石竹,别名,康乃馨
百草一号,防治,夜蛾
鱼类,包含,秋刀鱼
黄瓜,感染,绵腐病
动物,包含,环节动物
敌克松可湿性粉剂,防治,水稻立枯病
蚜科,科,蚜虫
甲霜灵锰锌,防治,霜霉病
马唐,属于,农作物
害虫,包含,舞毒蛾
疾病,包含,维生素B6
肉牛,属于,动物
农作物,包含,康乃馨
中药,包含,生石膏
加州873,属于,农作物
鸡只,属于,动物
农作物,包含,栎树
勒杜鹃,属于,农作物
害虫,包含,蚜虫
含羞草料,属于,农作物
中药,包含,蛇床
蛛形纲,纲,螨虫
农作物,包含,郁金香
双甲脒,属于,畜牧业药物
银柴胡,属于,畜牧业药物
螨,属于,农作物虫害
传染性鼻炎,属于,动物疾病
大白菜,被危害,夜蛾
向日葵,感染,细菌性叶斑病
大白菜,包含,北京小杂56号
青年鹅,属于,动物
鱼腥草,属于,畜牧业药物
桃蛀螟,属于,农作物虫害
恶病质,属于,动物疾病
豆科,科,豆类
枯黄萎病,属于,农作物病害
中药,包含,铁线莲
多菌灵可湿性粉剂,防治,苹果轮纹病
姜瘟,属于,农作物病害
疾病,包含,片形吸虫病
糯米糍,属于,农作物
农作物,包含,水柳
草鱼四病灵,属于,畜牧业药物
螨类,属于,农作物虫害
瓜类蔬菜,属于,蔬菜
烟蚜,属于,农作物虫害
茎,感染,青枯病
农作物,包含,菜苜蓿
活性炭,属于,畜牧业药物
鱼类,感染,肠炎病
野公猪,属于,动物
中药,包含,水蜈蚣
农作物,包含,红树莓
毒,属于,农作物药物
萝卜,感染,病毒病
克螨特,防治,红蜘蛛
农用链霉素可湿性粉剂,防治,菜蚜
疫病,属于,动物疾病
烟蚜,危害,农作物
化学药品,包含,胃蛋白酶
华支睾吸虫病,属于,动物疾病
鱼尾葵,属于,农作物
马拉巴栗,别名,发财树
锈壁虱,属于,农作物虫害
害虫,包含,星天牛
棘头虫,属于,害虫
纯白色君子兰,属于,君子兰
尿素液,属于,农作物药物
小叶病,感染,苹果
子幼兔,属于,动物
消化道病,属于,动物疾病
动物,包含,鲜鱼
家畜,属于,害虫
害虫,包含,菲醌
甲霜灵锰锌,防治,早疫病
沙丁鱼,属于,动物
败血性传染病,别名,鸭瘟
蕉苗,属于,农作物
景龙宝,属于,农作物
农作物,包含,金樱子
鲫鱼夏花,属于,动物
鼠伤寒沙门氏菌,属于,生物
谷子,属于,农作物
金雷多米尔,防治,疫病
银杏挂果树,属于,银杏
灭幼脲,属于,农作物药物
杀虫剂,属于,高效氯氟氰菊酯
草鱼夏花,属于,动物
农作物,包含,棉
毒死蜱乳油,属于,农作物药物
板栗树,属于,农作物
西瓜皮,属于,西瓜
蛋鸡,属于,动物
猪,包含,家猪
腹泻,属于,动物疾病
农作物,包含,蔗
杀菌剂,包含,福美双
农作物,包含,碧桃
李,属于,农作物
杨柳,属于,农作物
萝卜,属于,农作物
疾病,包含,酮症
害虫,包含,矢尖蚧
毒鱼,属于,动物
集琦虫螨克,防治,蚜虫
农作物,包含,白毛
农作物,包含,茶花
杀虫剂,防治,蚜虫
农作物,包含,大豆
西兰花,被危害,菜蚜
疾病,包含,慢性腹膜炎
龙芽草,属于,畜牧业药物
核桃,别名,核桃树
商品鱼,属于,动物
西瓜,被危害,白粉虱
西药,属于,畜牧业药物
青岛架豆,属于,农作物
西红柿,感染,髓坏死
鼻炎,属于,动物疾病
香葱,感染,灰霉病
聊玉18号,属于,玉米
鲮鱼,属于,动物
花椰菜,属于,农作物
丝瓜,感染,猝倒病
农作物,包含,郁李仁
中药,包含,韭菜
盐酸环丙沙星,防治,桑疫病
豆科,科,葛根
西瓜,感染,茎枯病
果树,属于,果园
春夏大白菜,属于,农作物
姬松茸,属于,农作物
杀螟松乳油,属于,农作物药物
十字花科,科,青萝卜
艾德,属于,畜牧业药物
一季稻,属于,农作物
甲基托布津可湿性粉剂,防治,锈病
农作物,包含,茉莉属
动物,包含,鹄
微生物,属于,食用菌
甲基托布津,防治,霜霉病
发烧病,属于,动物疾病
烂口病,属于,动物疾病
烯禾啶机油乳油,属于,农作物药物
真菌,包含,胡桃肉状菌
小青菜,属于,农作物
香葱,感染,紫斑病
桂皮,属于,畜牧业药物
中药,包含,海参
农作物,包含,石竹花
茄科,科,烟叶
粉锈宁,防治,锈病
细菌,包含,地衣芽孢杆菌
农作物,包含,榆叶梅
动物,包含,胆碱
农作物,包含,过路黄
微生物,包含,害虫
桂花,属于,花卉
蟹病,属于,动物疾病
农作物,包含,消毒药
桑蓟马,危害,农作物
马齿苋,属于,农作物
柑桔,被危害,天牛
动物鱼肥,属于,畜牧业药物
康乃馨,属于,多年生草本花卉
白皮病,属于,动物疾病
红痢病,属于,动物疾病
苋科,科,牛膝
黑树莓,属于,农作物
疾病,包含,猪气喘病
动物,包含,青虾
混百菌清,防治,晚疫病
禽类脂肪肝综合征,属于,动物疾病
子宫炎,属于,动物疾病
火鸡,属于,动物
病原体,属于,动物疾病
保桑灵,防治,桑毛虫
农作物药物,包含,西维因
疾病,包含,黄尿病
动物,包含,鲍鱼
代森锰锌可湿性粉剂,防治,软腐病
动物,包含,生猪
枫杨,属于,农作物
多西环素,属于,畜牧业药物
克螨特,防治,螨类
树桩盆景,属于,农作物
农作物,包含,丹草
农作物,包含,辣椒疫霉
百菌清烟剂,防治,叶斑病
伤鱼,属于,动物
阿维菌素,防治,蚜虫
新高脂膜,防治,菜蚜
甲基托布津,别名,甲基硫菌灵
白玉春,属于,农作物
芦笋,被危害,蛴螬
疾病,包含,伤寒
大葱,属于,农作物
毒死蜱微囊悬浮剂,属于,农作物药物
蔬菜,包含,大白菜
升霜霉威盐酸盐水剂,属于,农作物药物
萝卜,被危害,斑潜蝇
绿爽,属于,农作物药物
南豆12,属于,农作物
蔷薇科,科,金樱子
皮肤感染,属于,动物疾病
敌杀死,防治,卷叶蛾
化学药品,属于,畜牧业药物
中草药,包含,贯众
公牛,属于,动物
中猪,属于,动物
害虫,包含,茶翅蝽
肌苷,属于,畜牧业药物
烤烟,感染,野火病
农作物,包含,鲁单9002
红叶小檗,属于,小灌木类
中药,包含,鳙鱼
农作物,包含,夏白45
野鸡,别名,雉
吡虫啉可湿性粉剂,防治,金针虫
升霜霉威盐酸盐水剂,防治,疫病
代森铵溶液,防治,炭疽病
疾病,包含,羊鼻蝇蛆病
酸性磷酸钠,属于,畜牧业药物
杀灭菊脂,防治,菜螟
中药,包含,藕
灭螨净乳油,属于,农作物药物
细菌,包含,芽孢杆菌
农作物,包含,寒兰
青蚕豆,属于,农作物
疾病,包含,慢性消耗性疾病
灭活苗,属于,畜牧业药物
沟鲶,属于,动物
疾病,包含,霍乱
防蚜药剂,属于,农作物药物
磺胺嘧啶,属于,畜牧业药物
种蝇,属于,农作物虫害
黄连,属于,畜牧业药物
疾病,包含,咽喉炎
化学药品,包含,利血平
中药,包含,灰菜
痢疾拉血,属于,动物疾病
罗非鱼,属于,动物
中药,包含,银边吊兰
甲基托布津可湿性粉剂,防治,蛇眼病
中药,包含,桑白皮
丹参,感染,丹参根腐病
急性败血性传染病,属于,动物疾病
农作物,包含,木犀草
大牛,属于,动物
鱼尾葵属,属于,农作物
鳞翅目细卷蛾科害虫,属于,农作物虫害
越夏彩椒,属于,彩椒
农作物,包含,火棘
中药,包含,鸡油菌
片形吸虫病,属于,动物疾病
板栗象鼻虫,属于,农作物虫害
微生物,包含,金黄色葡萄球菌
络氨铜水剂,属于,农作物药物
寄生性肠道疾病,属于,动物疾病
病毒,导致,大蒜白腐病
麦蚜,属于,农作物虫害
甲氨基阿维菌素苯甲酸盐,防治,菜青虫
花生,被危害,金龟子
糜子,被危害,蝼蛄
瑞毒霉粉剂,防治,叶斑病
洞庭1号,属于,西瓜
清水螺,属于,动物
辛硫磷乳油,防治,银纹夜蛾
水稻,包含,稻田
亚麻,被危害,草地螟
抗菌药,属于,磺胺类药
动物,包含,毛鳞鱼
介壳虫,属于,农作物虫害
四季萝卜,属于,农作物
枕头瓜,属于,农作物
茭白,属于,农作物
害虫,包含,布鲁氏菌
气管交合线虫病,属于,动物疾病
中药,包含,栝楼
农作物,包含,油菜籽
合欢属,属于,农作物
农作物,包含,阔叶树
猪支原体,属于,动物疾病
果,属于,农作物
莲子,属于,农作物
万寿菊,科,菊科
无翅鸡,属于,动物
落葵,感染,紫斑病
青壮年兔,属于,动物
紫葱斑病,属于,农作物病害
二级枣苗,属于,枣树
姜科,科,莪术
疾病,包含,病毒性肾炎
鱼群,属于,动物
丹参根腐病,属于,农作物
褐腐病,属于,农作物病害
甲基硫菌灵可湿性粉剂,防治,紫斑病
真菌,包含,猴头菇
青菜,被危害,蚜虫
鱼,感染,出血病
丝瓜,被危害,瓜实蝇
大葱,被危害,斑潜蝇
动物,包含,牙鳕
农作物,包含,瓜子金
粉锈宁,防治,白粉病
农作物,包含,甜叶菊
瑞毒霉,防治,霜霉病
丹参,属于,农作物
辣椒,包含,彩椒
冬植蔗,被危害,白蚁
增效双效灵,属于,农作物药物
猪支原体肺炎,属于,动物疾病
白芍,属于,畜牧业药物
农作物,包含,多肉农作物
细菌性病害,属于,农作物病害
澳洲白色金合欢,属于,农作物
蔬菜急性萎蔫,属于,农作物病害
美人蕉,属于,小灌木类
稻根,属于,农作物
架豆,属于,四季豆
多菌灵,防治,杨树溃疡病
害虫,包含,粉虱
敌百虫,防治,红蜘蛛
淮稻13号,属于,农作物
疾病,包含,细菌性烂鳃病
板栗胴枯病,属于,农作物病害
辛硫磷乳油,防治,黄曲条跳甲
葫芦科,科,菜瓜
中药,包含,漏芦
农作物,包含,天麻
花卉,包含,发财树
红薯,别名,甘薯
稻谷,别名,水稻
农作物,包含,蒜薹
碳特灵,属于,农作物药物
巢蕨,别名,鸟巢蕨
指环虫病,属于,动物疾病
杜鹃花瓣,属于,年宵花
母鸭,属于,动物
豆瓣掌,属于,农作物
已唑醇,属于,农作物药物
叶枯病,属于,农作物病害
动物,包含,海狸鼠
辛硫磷乳油,防治,小猿叶虫
曲霉菌,属于,农作物虫害
苦痘病,属于,农作物病害
禾本科,科,象草
双抱菇,属于,农作物
烟叶末,属于,畜牧业药物
金边吊兰,属于,农作物
害虫,包含,疟原虫
农作物,包含,金鱼草
麦,属于,农作物
疾病,包含,组织滴虫病
绒山羊,属于,动物
大肠杆菌,包含,革兰氏阴性菌
动物,感染,白叶枯病
外勤蜂,属于,动物
害虫,包含,食蚜蝇
甘薯,别名,红薯
花卉,包含,花叶万年青
五味子,属于,畜牧业药物
水生动物,属于,动物
中药,别名,中草药
一串红,属于,花卉
茶树,被危害,螨
红薯,别名,番薯
农作物,感染,黑穗病
青黑脚鸡,属于,动物
爱福丁,属于,农作物药物
农作物,感染,白粉病
银杏,属于,农作物
黑肩绿盲蝽,属于,农作物虫害
农作物,包含,白灵菇
害虫,包含,蚂蟥
姬松茸,别名,小松菇
大蒜,被危害,蚜虫
青干草,属于,农作物
三白,属于,畜牧业药物
水枝柳,属于,农作物
亚麻,被危害,粘虫
黄连素,属于,畜牧业药物
农作物,感染,黑斑病
混百菌清,防治,灰霉病
害虫,包含,耳螨
防纹枯病,属于,农作物病害
耳血肿,属于,动物疾病
烟田黑胫病,属于,农作物病害
多菌灵,防治,煤霉病
咪锰多菌灵,属于,农作物药物
幼猪,属于,动物
蹄裂,属于,动物疾病
兰花,感染,软腐病
蔷薇科,科,火棘
农作物,包含,直播稻
香葱,感染,叶斑病
代森锰锌可湿性粉剂,防治,小菜蛾
芝麻,属于,农作物
兔子,别名,家兔
莎氏后园线虫,属于,害虫
防除根菜类,属于,农作物
喹乙醇,属于,畜牧业药物
狂犬病毒,属于,害虫
水培花卉,属于,农作物
火鸡,感染,盲肠肝炎
害虫,包含,螨
饵料鱼苗,属于,动物
饲料性肝坏死,属于,动物疾病
农作物,包含,宝巾
农作物,包含,白掌
鸡腿菇,属于,菇
白菜疙瘩,属于,畜牧业药物
红鳕,属于,动物
农作物,包含,萝卜芽
黄鱼,属于,动物
新高脂膜,属于,农作物药物
中药,包含,榆
好安威,防治,蚜虫
中草药,包含,郁金
害虫,包含,病菌
蔬菜白粉病,属于,农作物病害
农作物,包含,鸭茅
多抗霉素水剂,属于,农作物药物
咪酰胺,属于,农作物药物
鲇鱼,属于,动物
大肠杆菌,属于,害虫
402抗菌剂,防治,根腐病
链球菌,包含,革兰氏阳性菌
禾本科,科,冰草
板栗象甲,属于,农作物虫害
牛腿瓜,属于,农作物
病毒必克,属于,农作物药物
霉 锰锌可湿性粉剂,防治,叶枯病
商品毛兔,属于,动物
虫害,感染,荠菜
特禽,属于,动物
苹果轮纹病,属于,农作物病害
胡萝卜,被危害,蚜虫
春秋王,属于,农作物
中药,包含,荷花
中药,包含,广藿香
银耳,属于,农作物
松科,科,黑松
蒜,属于,农作物
动物,包含,鳊
奶畜,属于,动物
豇豆,感染,锈病
农作物,包含,茵陈蒿
柳树,属于,阔叶树
农作物,包含,花罗汉
动物,包含,异育银鲫
紫叶李,属于,农作物
代林锌,防治,落叶病
陈皮,别名,橘皮
蓟马,属于,农作物虫害
动物,包含,驼羊
西红柿,感染,晚疫病
云杉,属于,农作物
月季,属于,小灌木类
弱毒苗,属于,畜牧业药物
花卉,包含,金边吊兰
微生物,包含,毛木耳
水产,属于,动物
黑腐病,属于,农作物病害
农作物,包含,夜蛾科
疾病,包含,肝炎病毒
乌鱼,别名,鳢
大豆,感染,大豆皱缩花叶病
害虫,包含,体外寄生虫
豆科,属于,农作物
败血性传染病,属于,动物疾病
杀菌消毒药物,属于,畜牧业药物
一年多次产卵鱼类,属于,动物
稻杆,别名,稻草
粉螨,属于,害虫
硫酸阿托品注射液,属于,畜牧业药物
精甲霜灵,属于,农作物药物
扁豆,防治,菜果壮蒂灵
小茴香,属于,农作物
农作物,包含,大叶藻
苹果斑点落叶病,属于,农作物病害
鱼害粘球菌,属于,害虫
兔子,属于,动物
蔓枯病,属于,农作物病害
农利灵,属于,农作物药物
害虫,包含,潜叶蝇
疾病,包含,角膜炎
疾病,包含,水肿
农作物,包含,冬枣
动物,包含,黄条跳甲
花卉,包含,彩色马蹄莲
疾病,包含,舌状绦虫病
农作物,包含,翠菊
微生物,包含,黄曲霉
疫苗过敏,属于,动物疾病
抗虫棉,属于,棉花
饲料猪,属于,动物
害虫,包含,瓜实蝇
多菌灵可湿性粉剂,防治,丹参根腐病
苹果幼树,属于,农作物
白花叶病,属于,农作物病害
微生物,包含,曲霉菌
小果症,属于,农作物病害
商品蟹,属于,动物
菌核净烟剂,属于,农作物药物
微生物,包含,黄曲霉菌
敌杀死,别名,溴氰菊酯
病毒,导致,花叶病
农作物,包含,挺水农作物
虫,导致,农作物虫害
动物,包含,鲇鱼
缺氧症,属于,动物疾病
农作物,包含,白茅
烟草,感染,炭疽病
代森铵水剂,属于,农作物虫害
线虫,属于,害虫
动物,包含,家鹅
迟熟中粳稻,属于,水稻
克螨持乳油,防治,锈虫虱
远东沙丁鱼,属于,动物
病菌,属于,动物疾病
天正春白1号,属于,农作物
东方美人茶,属于,茶
芦笋,感染,立枯病
流行性感冒,属于,动物疾病
蔷薇科,科,海棠花
急性循环障碍,属于,动物疾病
农作物,包含,梨果
疾病,包含,水疱
长刺后园线虫,属于,害虫
西药,包含,甲硝唑
微生物,包含,根霉
枣,属于,农作物
疥癣病,属于,动物疾病
桃树,感染,腐心病
农作物,包含,薯豆
肠炎腹泻,属于,动物疾病
蟋蟀草,属于,农作物
鼻出血,属于,动物疾病
曲霉,属于,农作物虫害
农作物,包含,披碱草
鱼尾葵,属于,鱼尾葵属
苦瓜,属于,农作物
硝硫氰醚,属于,畜牧业药物
疾病,包含,狂犬病疫苗
钻心虫,属于,农作物虫害
蔬菜,防治,甲霜灵锰锌
家鹅,属于,动物
阿维菌素,防治,葱蝇
杀菌剂,包含,甲霉灵
仔鸭,属于,动物
虫,包含,害虫
高效氯氰菊酯,属于,农作物药物
越冬蜂团,属于,动物
腻虫,别名,桃蚜
细菌,包含,乳酸菌
直播稻,属于,农作物
铁沙掌,属于,农作物药物
红富士苹果,属于,农作物
禾本科,科,早熟禾
轮斑病,属于,农作物病害
丝瓜,感染,霜霉病
甲基硫菌灵可湿性粉剂,防治,叶斑病
角斑病,属于,农作物病害
舌状绦虫病,属于,动物疾病
中药,包含,小米草
土霉素粉,属于,畜牧业药物
病毒灵,属于,畜牧业药物
苹果斑点落叶病,防治,安泰生
愈伤防腐膜,防治,腐烂病菌
早佳,属于,丝瓜
霜霉威,属于,农作物药物
细菌性烂鳃,属于,动物疾病
农作物,包含,蛇瓜
蝇毒磷乳油,属于,畜牧业药物
微生物,包含,破伤风梭菌
农作物,包含,石榴树
恶霜灵,属于,农作物药物
微生物,包含,疟原虫
黑粉病,属于,农作物病害
贵鱼类,属于,动物
槟榔,属于,畜牧业药物
病毒性肾炎,属于,动物疾病
番茄,被危害,瓜绢螟
褐纹病,属于,农作物病害
壮根钾宝,属于,农作物药物
杜鹃花科,科,马醉木
兰叶,属于,兰花
稻瘟灵乳油,属于,农作物药物
成年树,属于,农作物
害虫,包含,葱蚜
鸡雏,属于,动物
中华倒刺鲃,属于,鱼类
克螨持乳油,属于,农作物药物
魏氏梭菌,属于,害虫
中药,包含,苦楝
过氧乙酸,属于,畜牧业药物
辣椒,被危害,烟青虫
农作物,包含,豇豆
害虫,包含,黑肩绿盲蝽
农作物,包含,灌木
十字花科,科,播娘蒿
农作物,包含,猕猴桃
南瓜,属于,南瓜子
霉菌,属于,农作物虫害
雷多米尔,属于,农作物药物
快灵,防治,美国白蛾
花卉,包含,珊瑚花
雅绿1号丝瓜,属于,有棱丝瓜
疫苗,属于,动物
老菌丝,属于,菌丝
伊维菌素,属于,畜牧业药物
鱼贝类,属于,动物
微生物,包含,曲霉
昆虫,包含,潜叶蝇
树叶,属于,农作物
动物,感染,烂尾病
大豆健粒饱,属于,农作物药物
禾本科,科,茅根
农作物,包含,燕麦
黑茶,属于,茶叶
桂味,属于,农作物
葡萄糖酸钙,属于,畜牧业药物
刺袭,属于,农作物药物
扁豆,别名,眉豆
石榴皮,属于,畜牧业药物
抑太保,防治,斑潜蝇
阿米妙收,属于,农作物药物
疾病,包含,乳房炎
鞘翅目,目,十三星瓢虫
长度水瓜,属于,普通丝瓜
花卉,包含,瓜叶菊
番茄,感染,角斑病
杀灭菊脂,防治,豆荚螟
子猪,属于,动物
微生物,包含,病菌
真菌,包含,鸡油菌
害虫,包含,草履虫
冻片,属于,畜牧业药物
疾病,包含,脱水
阿维菌素,属于,畜牧业药物
农作物,包含,柳树
动物,包含,鳖
中药材,属于,川芎
百菌清可湿性粉剂,防治,斑枯病
碘解磷定,属于,畜牧业药物
山茶,属于,茶叶
高效氯氰菊酯,防治,棉铃虫
害虫,包含,介壳虫
动物,包含,绿孔雀
强氯精,属于,畜牧业药物
福美双,防治,叶斑病
农作物,包含,红瑞木
害虫,包含,大眼鳜
囊蚴,属于,害虫
中药,包含,铁苋菜
葡萄糖,属于,畜牧业药物
夏花鱼,属于,动物
蓝色妖姬,属于,农作物
凤尾菇,属于,农作物
烟草,属于,农作物
恶甲水剂,属于,农作物药物
中国水仙,属于,农作物
早疫病,属于,农作物病害
菌毒净,属于,畜牧业药物
疾病,包含,蝇蛆病
四季海棠,感染,斑点细菌病
口炎病,属于,动物疾病
淀粉,属于,马铃薯
虾苗,属于,动物
环丙氨嗪,属于,农作物药物
斑潜蝇,属于,农作物虫害
杀毒矾,防治,叶斑病
动物学制剂,属于,畜牧业药物
黄豆,防治,菜果壮蒂灵
中药,包含,南瓜
雌鳝,属于,动物
梅花,属于,农作物
大粒型,属于,农作物
药饵,属于,畜牧业药物
害虫,包含,疥螨
中药,包含,麻黄
细菌性传染病,属于,动物疾病
地松茸,属于,农作物
紫花苜蓿,属于,农作物
动物,感染,出血病
彩玫瑰,属于,农作物
黑鱼,别名,生鱼
农作物,包含,绿星70
板栗,属于,农作物
橙,属于,果树
旋毛虫病,属于,动物疾病
清水鱼,属于,动物
农作物,包含,花生
复方穿心莲,属于,畜牧业药物
缺锌症,属于,农作物病害
农作物,包含,大麻
玉米健壮素,属于,农作物药物
禾本科,科,冬小麦
角膜炎,属于,动物疾病
瓜,属于,农作物
代森锰锌可湿性粉剂,防治,叶枯病
前后盘吸虫病,属于,动物疾病
浮萍,属于,农作物
农作物,包含,垂丝海棠
链霉素,防治,细菌性病害
茉莉,属于,茉莉属
金心吊兰,属于,农作物
甲霉灵,防治,病害
克霉唑,属于,畜牧业药物
石灰水,属于,农作物药物
玉米,感染,小斑病
大豆,被危害,豆荚螟
苏州青,属于,冬春小白菜
疾病,包含,烂尾病
三级苗,属于,枣树
微生物,包含,灰绿曲霉
代森铵,防治,杨树溃疡病
农作物,包含,水藻
扁豆,感染,炭疽病
豆类,属于,青岛架豆
中药,包含,金银花
武昌鱼夏花,属于,动物
农作物,包含,抗虫棉
黑子南瓜,属于,农作物
弱鸡,属于,动物
多抗霉素水剂,防治,霜霉病
中药,包含,石榴根皮
鱼血康,属于,畜牧业药物
疾病,包含,疥癣
杀毒矾,防治,疫病
农作物,包含,甘薯
塘鱼,属于,动物
异物性肺炎,属于,动物疾病
农作物,包含,苏丹草
腐心病,属于,农作物病害
茭笋,别名,茭白
白蚁,属于,农作物虫害
酮病,属于,动物疾病
农作物,包含,熟地黄
硫磺粉,防治,叶斑病
棕榈科,科,鱼尾葵属
佛手瓜,属于,农作物
咪鲜胺乳油,属于,农作物药物
中药,包含,海桐
细菌性烂鳃病,属于,动物疾病
中草药,属于,畜牧业药物
牛筋草,属于,农作物
辣椒壮蒂灵,属于,农作物药物
灶心土,属于,畜牧业药物
肺绦虫病,属于,动物疾病
木樨科,属于,农作物
棕榈,属于,农作物
霜霉威,防治,疫病
川朴,属于,畜牧业药物
野菊花,属于,畜牧业药物
动物,包含,羊羔
动物,包含,麦穗鱼
叶黑粉病,属于,农作物病害
农作物,包含,莪术
大豆,包含,贡选1号
贝母,属于,畜牧业药物
中药,包含,野芋
疾病,包含,风寒
百菌清,防治,青枯病
多效唑,属于,农作物药物
苏云金杆菌,防治,甜菜夜蛾
害虫,包含,蚜科
动物,包含,蟹
中华绒螯蟹,属于,动物
板兰根,感染,霜霉病
卫福农药,属于,农作物药物
黄萎病,属于,农作物病害
敌杀死,防治,粘虫
茶,包含,西湖龙井
芹菜,包含,蔬菜
农作物,包含,秋海棠科
中华鼢鼠,属于,生物
锌硫磷乳油,属于,农作物药物
家猪,属于,动物
害虫,包含,斑潜蝇
番茄幼苗,属于,农作物
葡萄科,科,巨峰葡萄
鸭疫里氏杆菌,属于,害虫
维生素D3,属于,畜牧业药物
烂鳃病,属于,动物疾病
菌糠,属于,农作物
油菜,属于,农作物
微生物,包含,蓝藻
农作物,包含,萤蔺
大白菜,属于,蔬菜
犬,属于,动物
乔木,包含,白玉兰
中华绒螯蟹,属于,生物
胆管炎,属于,动物疾病
鲜紫苏全草,属于,畜牧业药物
大豆皱缩花叶病,属于,农作物病害
葛根,属于,畜牧业药物
葡萄,感染,冻害
有机碘,属于,农作物药物
动物,包含,明太鱼
西红柿,感染,绵疫病
丝瓜,属于,农作物
杀毒矾,防治,根腐病
烟碱合剂,防治,蚜虫
农作物,包含,秋牡丹
硫菌霉威,属于,农作物药物
螨类,属于,螨
牛出败氢氧化铝菌苗,属于,畜牧业药物
烯唑醇,属于,农作物药物
茶树,感染,炭疽病
柏叶,属于,畜牧业药物
菌丝,属于,农作物
阿维菌素乳油,防治,蚜虫
敌百虫,防治,银纹夜蛾
薏苡,被危害,玉米螟
菊科,科,牛蒡
微生物,包含,内毒素
农作物,包含,棉花
向日葵,属于,农作物
硕丹,属于,农作物药物
西瓜,包含,景丰宝
农作物,包含,白术
虫,导致,动物疾病
藕,感染,根腐病
郑单958,属于,农作物
明矾溶液,属于,畜牧业药物
幼狐,属于,动物
猪病,属于,动物疾病
克螨灵,属于,农作物药物
农作物,包含,百草霜
中药,包含,乌榄
羽扇豆,属于,农作物
农作物,包含,黍子
微生物,包含,细菌
脱水,属于,动物疾病
花罗汉,属于,动物
疾病,包含,毒蕈碱
硫磷,属于,畜牧业药物
果树,防治,灭蚜威
辣椒,包含,尖椒
禾本科杂草,属于,农作物
景蜜宝,属于,农作物
鲐鱼,属于,动物
害虫,包含,硬蜱
腹泻,不良反应,阿莫西林
孕羊,属于,动物
长效米先,属于,畜牧业药物
猪,感染,沙门氏菌病
番茄,被危害,美洲斑潜蝇
三苯甲咪唑,属于,畜牧业药物
病毒,导致,病毒病
蜘蛛,属于,农作物虫害
真菌,病原,梨黑星病
红掌,属于,农作物
苹果,防治,安泰生
滤食性鱼类,属于,动物
鞘翅目,目,斑蟊
胃蛋白酶,属于,畜牧业药物
阿维菌素,防治,夜蛾类
甘薯,别名,番薯
孕猪,属于,动物
动物,包含,小白鼠
子猪水肿病,属于,动物疾病
农作物,包含,小叶女贞
动物,包含,蜜虫
农作物,包含,荞麦
代森锌可湿性粉剂,防治,霜霉病
害虫,包含,蛛形纲
西瓜,感染,疾病
中药,包含,冰糖
球虫,属于,害虫
白矾,属于,畜牧业药物
镇静剂,属于,害虫
第二茬瓜雌花,属于,农作物
疾病,包含,坏死性肠炎
茉莉花,属于,茉莉属
裂果,属于,农作物病害
辟蚜雾,防治,烟蚜
农作物,包含,莜麦
代森锌,属于,农作物药物
痛风,属于,动物疾病
三天绿,属于,农作物药物
疾病,包含,大肠杆菌病
茶花,属于,农作物
豆科,科,羽扇豆
农作物,包含,糙米
丙磺舒,属于,畜牧业药物
真菌,包含,双孢菇
百菌清可湿性粉剂,防治,炭疽病
64 杀毒矾,防治,茎枯病
炔螨特乳油,属于,农作物药物
赢力,属于,农作物药物
V35,属于,草菇
中药,包含,蛤蜊
旱莲草,属于,畜牧业药物
动物,包含,花蝇科
乐果乳剂,防治,蚜虫
绿鳕,属于,动物
菜叶,属于,农作物
中药,包含,海带
唑类农药,属于,农作物药物
垂丝海棠,属于,农作物
箭舌豌豆,属于,农作物
维生素,属于,畜牧业药物
花卉,包含,向日葵
疾病,包含,皮炎
抗毒素,属于,农作物药物
畸形菇,属于,农作物
疾病,包含,普鲁卡因
杀菌剂,防治,蚜虫
清瘟败毒散,属于,畜牧业药物
西药,包含,酚磺乙胺注射液
青,属于,动物
维生素B6,属于,畜牧业药物
中药,包含,婆婆纳
萘乙酸,属于,农作物药物
蟋蟀,属于,农作物虫害
农作物,包含,芜菁甘蓝
雏禽,属于,动物
番茄,感染,青枯病
贡选1号,属于,大豆
青韭菜,属于,韭菜
中药,包含,黄颡鱼
腻虫,别名,蚜虫
代森猛锌,属于,农作物药物
害虫,包含,蟾蜍
笨鸡,别名,草鸡
红苕,别名,番薯
农作物,包含,白糖
农作物,包含,苕子
疾病,包含,疥螨
疾病,包含,朊病毒
热性病,属于,动物疾病
猪仔,属于,动物
甲胺磷,属于,农作物药物
鲫,属于,动物
微动物,包含,食肉动物
动物,包含,羊茅
克螨灵 吡虫啉,防治,蚜虫
石膏粉,属于,畜牧业药物
微生物,包含,轮状病毒
菊酯类杀虫剂,防治,蚜虫
亲鱼,属于,动物
茶树,属于,农作物
丙硫咪唑,属于,生物
疾病,包含,抗生素
波美,属于,农作物药物
棉花,感染,枯萎
疾病,包含,赤皮病
利谷隆,属于,除锈剂
淡水鱼,属于,动物
烈性传染病,属于,动物疾病
中药,包含,棉籽
害虫,包含,阔叶树
早熟晚粳稻,属于,扬粳4038
害虫,包含,蚧壳虫
大白菜,被危害,蚜虫
鼻炎,防治,生理盐水
消化不良,属于,动物疾病
微生物,包含,多粘类芽孢杆菌
商品虾,属于,动物
雏鸡,感染,传染性法氏囊炎
克暴灵,属于,畜牧业药物
动物,包含,罗非鱼
佛手,别名,佛手柑
氢化可地松,属于,畜牧业药物
新洁尔灭,属于,畜牧业药物
党参,属于,畜牧业药物
早熟晚粳稻,属于,农作物
杏,别名,杏仁
农作物,包含,金边吊兰
疾病,包含,犬传染性肝炎
草甘膦,属于,农作物药物
口腔炎,属于,动物疾病
万家,防治,软腐病
吊瓜,别名,黄瓜
意杨,属于,农作物
高效氯氟氰菊酯,防治,葱蚜
敌百虫,防治,卷叶蛾
万寿菊,属于,农作物
腐烂病菌,属于,农作物病害
农作物,包含,菜籽
氯化钙,属于,农作物药物
大花惠兰,属于,年宵花
莴苣,感染,苗枯病
海芋,属于,花卉
农作物,包含,粳稻
地瓜,别名,甘薯
肝炎,属于,动物疾病
意杨苗,属于,农作物
真菌,包含,口蘑
平菇,属于,食用菌
死秧病”,属于,农作物病害
疾病,包含,链球菌病
害虫,包含,弓形虫
裂果必治,属于,农作物药物
疾病,包含,甲状腺
中药,包含,鳝鱼
细菌,病原,青枯病
农作物,包含,生根粉
板兰根,属于,农作物
黄条跳甲,属于,农作物虫害
西红柿,感染,疫病
农作物,包含,华山松
亚硝酸钠,别名,亚硝酸盐
荧光假单胞杆菌,属于,农作物药物
草莓,感染,炭疽病
农作物,包含,彩色马蹄莲
啶虫脒,防治,蚜虫
精神萎靡,属于,动物疾病
鳝苗,属于,动物
矮生豇豆,属于,蔬菜
豆科,科,豆科牧草
农作物,包含,紫云英
吴茱萸,属于,畜牧业药物
肝周炎,属于,动物疾病
抗阿米巴原虫,属于,害虫
菊花,属于,农作物
调菇水,属于,农作物药物
敌百虫可溶性粉剂,属于,农作物药物
微生物,包含,纹枯病
猪呼吸繁殖综合征,属于,动物疾病
中药,包含,草药
稻株,属于,农作物
洋葱,属于,蔬菜
黄瓣瓜,属于,农作物
杀白蚁药,防治,白蚁
水夹子,属于,害虫
细菌性褐条病,属于,农作物病害
多拉菌素,属于,畜牧业药物
农作物,包含,韭葱
高免卵黄体,属于,畜牧业药物
寄生疫霉,属于,农作物虫害
疾病,包含,蹄裂
杀灭菊脂,防治,小菜蛾
辣椒,感染,脐腐病
结膜炎,属于,动物疾病
架豆,属于,农作物
扁豆,属于,眉豆
疾病,包含,抗菌药物
鱼尾葵,别名,酒椰子
施基肥拌药,防治,白蚁
疾病,包含,炭疽病
中药,包含,生石灰
连翘,属于,农作物
瓜蔓,属于,西瓜
农作物,包含,橘皮
花菇,属于,香菇
波尔多液,防治,炭疽病
中药,包含,博落回
花生,别名,鲐鱼
大青叶,属于,畜牧业药物
兰花,被危害,蓟马
中药,包含,番木瓜
西芹,属于,农作物
苜蓿,感染,病毒病
叶斑病,属于,农作物病害
虫,属于,动物
果类,属于,农作物
青年蜂,属于,动物
疾病,包含,疖疮病
护树将军,防治,越冬病毒
甲霜灵可湿性粉剂,防治,霜霉病
蛔虫,属于,害虫
动物,包含,石鲽
绿玫瑰,属于,农作物
枳实,属于,畜牧业药物
鲢鳙鱼,属于,动物
农作物,包含,美人蕉
复合维生素,属于,畜牧业药物
微生物,包含,香菇
黄化萎缩病,属于,农作物病害
桂花,属于,木樨
真菌,属于,食用菌
硫酸阿托品,属于,畜牧业药物
鱼花,属于,动物
小龙虾,属于,动物
害虫,包含,水蚤
益肠安,属于,畜牧业药物
混百菌清,防治,早疫病
多菌灵可湿性粉剂,防治,根腐病
生食萝卜,属于,蔬菜
十字花科,科,菜心
丝瓜,属于,肉丝瓜
猪苓,属于,畜牧业药物
春雷王铜,属于,农作物药物
茯苓,别名,云苓
龙虱,属于,动物
樱桃树,别名,大樱桃树
农作物,包含,琴萌1号
多菌灵可湿性粉剂,防治,颖枯病
农作物,包含,象草
甲基硫菌灵,属于,农作物药物
假旋回症,属于,动物疾病
农作物,包含,秋葵
四防苗,属于,动物疾病
梨小食心虫,被危害,黄桃
黑腹果蝇,属于,生物
三角梅,属于,农作物
北极狐,属于,动物
动物,包含,青年鸭
农作物,包含,冰片
郁李仁,属于,畜牧业药物
辛硫磷乳油,防治,菜蚜
西瓜,包含,景龙宝
莴苣,被危害,蚜虫
农作物,包含,珊瑚花
龙虱,属于,生物
疾病,包含,晚疫病
下痢,属于,动物疾病
害虫,包含,叶蝉
农作物,包含,大叶黄杨
奇巧乳油,属于,农作物药物
肘结节黏液囊炎,属于,动物疾病
瞎撞子,属于,农作物虫害
吡虫啉可湿性粉剂,防治,小猿叶虫
毛皮动物,属于,动物
狭鳕,属于,动物
结球生莱,属于,农作物
敌敌畏,防治,螟虫
害虫,包含,花罗汉
枣虫快毙,属于,农作物药物
农作物,包含,菖蒲
农作物,包含,甜椒
鸡输卵管炎,属于,动物疾病
金合欢,属于,含羞草料
奶牛,包含,乳牛
兰花,感染,霉菌
禾本科作物,属于,农作物
络氨铜水剂,防治,叶枯病
害虫,包含,松材线虫
杨树叶,属于,农作物
香葱,感染,锈病
黄斑卷叶虫,属于,农作物虫害
农作物,包含,瓜叶菊
害虫,包含,黑尾叶蝉
喷菊酷类,防治,斜纹夜盗蛾
黄蟹,属于,动物
农作物,包含,茅栗
微生物,包含,抗菌肽
害虫,包含,水蛇
桑枝,属于,农作物
中药,包含,辣根
烧碱,别名,氢氧化钠
中药,包含,凤尾菇
蜂群,属于,动物
害虫,包含,菜螟
霉锰锌,属于,农作物药物
疾病,包含,肌病
香菜,别名,香荽
稻株,属于,水稻
害虫,包含,草铵膦
可立施或阿克泰,属于,农作物药物
敌磺钠,别名,敌克松
香附子,属于,畜牧业药物
炭疽病,属于,农作物病害
疾病,包含,鸭疫里默氏杆菌病
小麦,被危害,小麦吸浆虫
灭蚜威,防治,斑潜蝇
枸杞,别名,枸杞子
动物,包含,熊蜂
扒老姜,属于,农作物
霜霉病,属于,农作物虫害
苹果,感染,苹果褐斑病
鱼类,包含,鲇鱼
真菌,包含,微孢子虫
锐劲特,属于,农作物药物
毛茛科,科,芍药
疾病,包含,巴氏杆菌病
白龙,属于,畜牧业药物
金玫瑰,属于,农作物
疾病,包含,丹毒
樟脑磺酸,属于,畜牧业药物
害虫,包含,棉铃虫
氟苯尼考,属于,畜牧业药物
硕丹,防治,桃小食心虫
茼蒿,感染,猝倒病
貉子,属于,动物
疾病,包含,肝素
花卉,包含,仙人球
穿心红,属于,农作物
杜邦万克灵,属于,农作物药物
红蜘蛛,别名,螨类
敌敌畏,防治,草地螟
黄边须根,属于,畜牧业药物
蕃茄苗,属于,农作物
布鲁氏菌病,属于,动物疾病
辣椒,感染,菌核病
农作物,包含,马唐
敌杀死,防治,蚜虫
鼠害,病原,老鼠
害虫,包含,大青叶蝉
过氧乙酸,属于,农作物药物
微生物,包含,放线菌
根菜类,属于,农作物
动物,感染,灰霉病
春薯,感染,晚霜
动物,包含,南方大口鲶
农作物,包含,杜梨
川芎,属于,畜牧业药物
代林锌,防治,炭疽病
肥皂水,属于,畜牧业药物
荠菜,被危害,蚜虫
团头鲂,属于,动物
郑杂5号,属于,西瓜
农作物,包含,白柳
动物,包含,鱼类
鼻窦发炎,属于,动物疾病
杨,属于,农作物
黄叶病,感染,苹果
棉种,属于,棉花
豆科,科,补骨脂
豆类,被危害,甘蓝夜蛾
金合欢,属于,合欢属
恩诺沙星,属于,畜牧业药物
三氯杀螨醇乳油,属于,农作物药物
动物,包含,草鸡
禾本科,科,刚竹
藤蔓,属于,农作物
菌核病,属于,农作物虫害
天泰10号,属于,农作物
麦芽,属于,畜牧业药物
雄犬,属于,动物
玛丽华盛顿500W,属于,农作物
农作物,包含,银耳
动物,包含,尖吻鲈
动物,包含,鲫鱼
害虫,包含,食心虫
淡竹,属于,农作物
真菌,病原,水稻立枯病
紫叶李,属于,乔木和花灌木类
野艾,属于,草本
铜制剂,防治,细菌性病害
毒死蜱,防治,桃小食心虫
害虫,包含,麦蜘蛛
阿维菌素,属于,农作物药物
云杉,属于,乔木和花灌木类
对虾,属于,动物疾病
中药,包含,菜豆树
消炎药物,属于,害虫
马铃薯,感染,青枯病
红痢,属于,动物疾病
农作物,包含,金粟兰科
金都尔,属于,农作物药物
花生,被危害,蚜虫
多霉清,属于,农作物药物
病毒,包含,狂犬病病毒
农作物,包含,蓖麻叶
害虫,包含,螨虫
锐扑,属于,农作物药物
害虫,包含,倒刺鲃
幼鸭,属于,动物
佛手,属于,农作物
杏子,别名,杏仁
敌菇虫,属于,农作物药物
园环病毒,属于,害虫
呼吸道细菌病,属于,动物疾病
农作物,包含,树桩盆景
青菜,属于,农作物
鸡,属于,畜牧业药物
烟草,感染,花叶病
椿树,属于,阔叶树
葫芦科,科,有棱丝瓜
农作物,包含,荠菜
农作物,包含,旱金莲
防治鸡输卵管炎,属于,动物疾病
猪流感,属于,动物疾病
叶蝉,属于,农作物虫害
萝卜,被危害,菜青虫
农作物,包含,早熟禾
甲壳素,属于,农作物药物
生地,属于,畜牧业药物
蜱,属于,蜱虫
香葱,感染,叶枯病
板瓜,属于,南瓜苗
动物,包含,绒山羊
病虫,属于,农作物虫害
苏叶,属于,畜牧业药物
天龙宝,防治,桃小食心虫
农作物药物,包含,菜果壮蒂灵
鱼类,包含,鳖
动物,包含,白鹭
大豆,被危害,小地老虎
异菌脲,属于,农作物药物
波尔多液,属于,农作物药物
吡喹酮,属于,畜牧业药物
动物,感染,绵疫病
夏白50,属于,农作物
啶虫脒,防治,粉虱
黄杨,属于,农作物
氢氧化钠,属于,农作物药物
速扑杂乳油,防治,蚧壳虫
旋花科,科,红薯
甲,属于,农作物
彩色马蹄莲,属于,农作物
黄尿病,属于,动物疾病
羊鼻蝇,属于,害虫
鸡眼草,别名,掐不齐
拌料剂,属于,农作物药物
农作物,包含,四季豆
米,属于,农作物
鸭苗,属于,动物
毛细的线虫,属于,动物疾病
明矾,包含,矾
果树,感染,叶片黄化
侧耳根,属于,畜牧业药物
大蒜,属于,农作物
颖枯病,属于,农作物病害
青韭菜,属于,农作物
气单孢菌,属于,害虫
杀毒矾可湿性粉剂,防治,晚疫病
雏鹅,属于,动物
鼠伤寒沙门氏菌,属于,细菌
氧化乐果,防治,麦蚜
金瓜,别名,南瓜
百菌清,防治,猝倒病
灭蝇胺,别名,环丙氨嗪
青萝卜,属于,农作物
农作物,包含,莱菔子
叶菜,属于,农作物
蔗叶,属于,农作物
硫酸镁,属于,畜牧业药物
梅花斑病,属于,动物疾病
金龟子,属于,农作物虫害
消毒药,属于,畜牧业药物
农作物,包含,金柑
紫色长茄,属于,农作物
疾病,包含,鸭瘟
番茄,属于,蔬菜
链霉素,防治,细菌性软腐病
农作物,包含,镇稻11号
半枝莲,属于,畜牧业药物
冬菇,属于,农作物
微生物,包含,革兰氏阴性菌
幼蜂,属于,动物
粉锈宁乳油,防治,锈病
中药,包含,慈菇
病竹,属于,农作物病害
藻,属于,农作物
甲氨基阿维菌素苯甲酸盐,防治,蚜虫
地豆,属于,四季豆
农利灵,防治,早疫病
烧碱,属于,畜牧业药物
农作物,感染,茶云纹叶枯病
微生物,包含,病原菌
板叶荠菜,属于,荠菜
有害疣孢霉,属于,农作物虫害
苹果,感染,落叶病
桔,属于,农作物
白莶,属于,畜牧业药物
柑桔,被危害,蚧壳虫
三黄粉,属于,畜牧业药物
蛛形纲,纲,螨类
腐烂病,别名,白腐病
农作物,包含,印楝素
番茄,属于,瓜果类蔬菜
农作物,包含,稻谷
乐斯本,防治,瓜实蝇
喷施磷酸二氢钾,防治,细菌性病害
漂白粉液,属于,农作物药物
动物,包含,水牛
中华蚤病,属于,动物疾病
灭蜗灵颗粒剂,属于,农作物药物
传染性喉气管炎,属于,动物疾病
线虫,属于,农作物虫害
新枣头,属于,枣树
维生素C水溶液,属于,畜牧业药物
异育银鲫,属于,动物
条斑病毒病,属于,农作物病害
杜鹃,包含,灌木
好灭丹,防治,大造桥虫
苹果幼树,属于,苹果树
腹膜炎,属于,动物疾病
铁树,属于,农作物
农作物,包含,向日葵
中药,包含,苹
中药,包含,苦皮藤
蛙,属于,林蛙
鱼类,包含,麦穗鱼
斜纹夜蛾,属于,农作物虫害
柑桔,属于,农作物
真菌,包含,毛木耳
水蛇,属于,动物
胡萝卜,属于,农作物
农作物,包含,亚麻
公兔,属于,动物
农作物,包含,掐不齐
百合,属于,农作物
西红柿,感染,溃疡病
蔷薇科,科,地榆炭
菊科,科,甘青蒿
动物,感染,稻瘟病
瓜果类,属于,农作物
富士苹果,属于,农作物
甲基硫菌灵可湿性粉剂,防治,蛇眼病
枣树,被危害,枣步曲
腐皮病,属于,动物疾病
夜蛾科,科,甘蓝夜蛾
毒毛中毒,属于,动物疾病
动物,包含,雉鸡
农作物,包含,猴头菇
意杨苗,感染,杨树溃疡病
普乐,属于,畜牧业药物
葱,属于,蔬菜
疾病,包含,绵疫病
杨树,属于,阔叶树
绿萝,属于,水培花卉
过敏反应,属于,动物疾病
茶尺蠖,属于,农作物虫害
桃炭疽病,属于,农作物病害
鸟,属于,动物
升防落素,属于,农作物药物
大肠杆菌病,属于,动物疾病
害虫,包含,粘孢子虫
害虫,包含,萤蔺
日高乳油,属于,农作物药物
农作物,包含,柑
农作物,感染,角斑病
樱桃树,属于,农作物
真菌,包含,曲霉菌
克灵,属于,农作物药物
南瓜,属于,农作物
指环虫属,属于,害虫
高效氯氟氰菊酯,属于,农作物药物
黄鳝,属于,动物
哺乳母猪,属于,动物
波尔多液,防治,细菌性斑点病
绿脓杆菌,属于,害虫
伏桃,属于,农作物
泰妙菌素,属于,畜牧业药物
桑宁73 炔螨特乳油,防治,红蜘蛛
疖疮病,属于,动物疾病
害虫,包含,棘头虫
好安威,属于,农作物药物
动物,包含,高白鲑
黄瓜,感染,炭疽病
扑虱灵,别名,噻嗪酮
树苗,属于,农作物
烟叶,别名,烟草
赤斑病,属于,农作物病害
乌鳢,属于,动物
虫害,属于,农作物虫害
硕丹,防治,绿盲蝽
上海青,别名,青菜
雏,属于,动物
农作物,包含,蚜总科
泻痢停,属于,畜牧业药物
集琦虫螨克,属于,农作物药物
疾病,包含,急性乳房炎
胃肠溃疡疾病,属于,动物疾病
家鸡,别名,土鸡
等量式波尔多液,防治,炭疽病
害虫,包含,蝼蛄
小麦,感染,赤霉病
阿坝蒿,属于,草本
农作物,包含,软枣猕猴桃
农作物,包含,桑树叶
农作物,包含,荜澄茄
病毒,导致,茶炭疽病
链球菌病,防治,疫苗
害虫,包含,家蝇
水稻,感染,稻瘟病菌
弱病毒,属于,害虫
芹菜,感染,斑枯病
口蹄疫疫苗,属于,畜牧业药物
腐必清,属于,农作物药物
斑病,属于,农作物病害
敌百虫粉剂,属于,农作物药物
木通,属于,畜牧业药物
温血动物,属于,动物
鱼类,包含,半滑舌鳎
害虫,包含,蛆虫
狗鳕,属于,动物
菱瘟,属于,农作物病害
十字花科,属于,农作物
虾,属于,罗氏沼虾
农作物,包含,茭白
腐霉利,属于,农作物药物
农作物,包含,生石膏
氧乐果,属于,农作物药物
中草药,包含,毛头鬼伞
西瓜,感染,枯萎病
农作物,包含,蛇床
一串红,属于,农作物
气喘病,属于,动物疾病
大葱,感染,锈病
动物,包含,大眼鳜
微生物,包含,尖孢镰刀菌
绵腐病,属于,农作物病害
敌磺钠,属于,农作物药物
疾病,包含,脑膜炎
莲藕,属于,农作物
茄子苗,属于,茄子
胡瓜鱼,属于,动物
胃溃疡,属于,动物疾病
吡蚜酮,属于,农作物药物
橙色玫瑰,属于,农作物
害虫,包含,茶橙瘿螨
番茄,被危害,蚜虫
肺疫,属于,动物疾病
瑞毒铜,属于,农作物药物
禾本科,科,籼稻
五氯硝基苯,属于,农作物药物
红桔皮,属于,畜牧业药物
粉锈宁乳油,防治,白粉病
细菌性斑点病,属于,农作物病害
农作物,包含,猪苓
中药,包含,鸭舌草
夏青菜,属于,农作物
血痢,属于,动物疾病
棕榈,属于,乔木和花灌木类
甲霜 锰锌可湿性粉剂,防治,叶斑病
牛犊,别名,犊牛
动物,包含,蚕蛹
毒死蜱,防治,绿盲蝽
副睾炎,属于,动物疾病
农作物,包含,炙甘草
多肽提取剂,属于,畜牧业药物
棉籽,属于,农作物
霉灵,属于,农作物药物
杀毒矾可湿性粉剂,防治,灰霉病
杀毒矾,防治,茎枯病
动物,包含,狍子
农作物,包含,毛白杨
肉兔,属于,动物
除虫精粉,防治,玉米螟
害虫,包含,旋毛虫
青霉素,属于,畜牧业药物
枯萎灵,属于,农作物药物
疾病,包含,呼吸道疾病
动物,包含,马尾松
农作物,包含,合欢属
根结线虫病,属于,农作物病害
豆科,科,紫花苜蓿
农作物,包含,金藻
银心吊兰,属于,吊兰
流感,属于,动物疾病
福美砷,属于,农作物药物
大黄苏,属于,畜牧业药物
庆大霉素,属于,畜牧业药物
皇冠一号,属于,丝瓜
食蚜虻,属于,农作物虫害
毛头鬼伞,属于,农作物
敌杀死,防治,黄斑卷叶虫
茶叶,属于,农作物
剑带绦虫病,属于,动物疾病
螳螂,属于,动物
后备猪,属于,动物
猫,属于,动物
井冈多菌灵,属于,农作物药物
菜帮,属于,农作物
草菇,属于,食用菌
胡桃肉状菌,感染,蘑菇
硝酸钙液,防治,脐腐病
葱叶,属于,农作物
顽固性腹泻,属于,动物疾病
肺热,属于,动物疾病
高效氯氰菊脂,属于,农作物药物
枯萎病,属于,农作物病害
农作物,包含,北京小杂56号
番茄,感染,小果症
农作物,包含,稻叶
油茶,属于,农作物
疾病,包含,疱疹病毒科
杀毒矾,防治,叶枯病
农作物,包含,黑树莓
红茶,属于,农作物
连粳7号,属于,中熟中粳稻
疾病,包含,叶斑病
百菌清胶悬液,防治,苹果炭疽病
利谷隆,属于,农作物药物
龟背竹,属于,生物
中药,包含,过路黄
李,属于,李子
鸡苗,属于,动物
天龙宝,防治,绿盲蝽
高锰酸钾液,属于,畜牧业药物
白芦笋,属于,农作物
竹丛枝病,属于,农作物病害
玉米,感染,黑穗病
薯,属于,农作物
鸭巴氏杆菌病,属于,动物疾病
花鲈,别名,鲈鱼
抗氧化剂,属于,焦亚硫酸钠
鲁单9002,属于,玉米
鱼类,包含,罗非鱼
爬行动物,包含,壁虎
乌菱,属于,农作物
害虫,包含,鞘翅目
犬型布鲁氏菌病,属于,动物疾病
荚螟,属于,农作物虫害
茼蒿,感染,霜霉病
向日葵,感染,茎腐病
鸽群,属于,动物
氟苯醚菊酯,属于,畜牧业药物
农作物,包含,韭菜
双青丝瓜,属于,农作物
动物,包含,塘鱼
害虫,包含,粉螨
蚍虫啉乳油,防治,根蚜
蜜虫,属于,农作物虫害
布氏杆菌病,属于,动物疾病
甜瓜,感染,叶斑病
仙人掌,属于,农作物
高美施有机腐殖酸活性液,属于,农作物药物
扁豆,感染,霜霉病
小卷叶蛾,属于,农作物虫害
锚头蚤病,属于,动物疾病
加州72,属于,芦笋
动物,包含,浮游生物
葡萄糖注射液,属于,畜牧业药物
虾病,属于,动物疾病
大腹皮,属于,畜牧业药物
疾病,包含,精神萎靡
螺蚌,属于,动物
病虫害,属于,农作物虫害
疾病,包含,疫病
辣椒,感染,日灼病
高龄蜂,属于,动物
苹果褐斑病,属于,农作物病害
竹叶菜,别名,空心菜
金边,属于,农作物
橡皮树,属于,花木
西瓜,感染,炭疽病
硫双二氯酚,属于,畜牧业药物
废气中毒,属于,动物疾病
金银花,属于,畜牧业药物
花卉,包含,水仙
消化道疾病,属于,动物疾病
灭螨净乳油,防治,红蜘蛛
空心菜,属于,叶菜
铁树,别名,苏铁
野生绞股蓝茶,属于,畜牧业药物
动物,感染,肤霉病
病毒,包含,痘苗病毒
脱水,防治,生理盐水
杀灭菊脂,防治,黄条跳甲
苗枯病,属于,农作物病害
害虫,包含,黄胸鼠
恶霉灵,属于,农作物药物
郑杂9号,属于,农作物
三萜,属于,畜牧业药物
疾病,包含,瘤胃积食
板蓝根,属于,农作物
垂丝海棠,属于,乔木和花灌木类
细菌性叶斑病,属于,农作物病害
传染性法氏囊炎,属于,动物疾病
成乳牛,属于,动物
冰硼散,属于,畜牧业药物
喷菊酷类,防治,蓟马
松脂酸铜乳油,属于,农作物药物
兰叶,属于,农作物
蚊,属于,孑孓
疯长,属于,农作物病害
夏暑茶,属于,农作物
榆树,别名,榆
鱼尾葵,别名,红棕竹
红底板病,属于,动物疾病
杜鹃,属于,花木
金合欢,属于,农作物
青花菜,属于,蔬菜
烂皮病,别名,腐烂病
害虫,包含,蝗科
退菌特可湿性粉剂,防治,果轮纹病
春薯,感染,疫病
粉痂病,属于,农作物病害
疫霉菌,属于,农作物虫害
大白菜,被危害,斑潜蝇
无名高烧,属于,动物疾病
炎症,属于,动物疾病
害虫,包含,指环虫科
刺槐,属于,树
小松菇,别名,巴西蘑菇
花卉,包含,大丽花
动物,包含,草鳊
香葱,被危害,种蝇
动物,包含,柴鸡
腐熟有机肥,属于,农作物药物
花菜,属于,农作物
火碱水,属于,畜牧业药物
当归,属于,畜牧业药物
野鸡,属于,动物
寄生蜂,属于,农作物虫害
黄瓜嫁接苗,属于,农作物
防疫液,属于,畜牧业药物
灭蝇胺,属于,农作物药物
梨,感染,腐心病
越冬病毒,属于,农作物虫害
菇蚊成虫,属于,农作物虫害
桃树,属于,树
链霉素,属于,害虫
农作物,包含,毛茛科
菇,属于,农作物
黑密2号,属于,西瓜
银翘散,属于,畜牧业药物
夏小白菜,属于,小白菜
敌百虫晶体,属于,农作物药物
抗虫棉,属于,农作物
稻杆,属于,农作物
果树,被危害,黄斑卷叶虫
棉花,感染,枯黄萎病
动物,感染,新城疫病毒
新高脂膜,属于,农作物
农作物,包含,银边吊兰
姜科,科,郁金
营养,属于,食醋
农作物,包含,百脉根
猪红痢氢氧化铝菌苗,属于,畜牧业药物
花椒,属于,树
梭菌性肠炎,属于,动物疾病
柑桔,被危害,红蜘蛛
奶仔猪,属于,动物
农作物,感染,冻害
猪,感染,动物疾病
三环唑,防治,稻温病
凤梨,属于,水培花卉
豆科,科,眉豆
噬菌蛭弧菌,属于,畜牧业药物
亚麻,属于,农作物
中型兔,属于,生物
绿盲蝽,属于,农作物虫害
真菌,导致,玉米大斑病
动物,包含,长颈鹿
纹枯病病,属于,农作物虫害
河蟹,属于,动物
公母猫,属于,动物
白术,属于,畜牧业药物
疾病,包含,人兽共患病
蚍虫啉乳油,属于,农作物药物
玉米大斑病,属于,农作物病害
棉絮,属于,农作物
初产牛,属于,动物
疾病,包含,肤霉病
黑果病,属于,农作物病害
农作物,包含,栝楼
绿得保,属于,农作物药物
疾病,包含,猪棘头虫病
板叶荠菜,别名,大叶荠菜
继发大肠杆菌病,属于,动物疾病
甲基托布津可湿性粉剂,防治,炭疽病
害虫,包含,吸浆虫
甘蓝,属于,农作物
托布津,属于,农作物药物
桃,属于,农作物
农作物,包含,籽粒苋
动物,包含,贝类
动物,包含,蟾蜍
绿丰1号,属于,农作物
叶部病害,属于,农作物病害
丰产树,属于,农作物
农作物,包含,红叶石楠
玫瑰,包含,灌木
麝香石竹,属于,农作物
百菌清可湿性粉剂,防治,霜霉病
锚头鳋,属于,害虫
烂尾病,属于,动物疾病
疾病,包含,真菌病
猪,防治,畜牧业药物
硫磺,属于,农作物药物
吡虫啉可湿性粉剂,防治,四绒金龟甲
红富士,属于,农作物
米兰,属于,花木
家鸡,属于,鸡
苏云金杆菌,防治,小菜蛾
农作物,包含,青木香
三甲氧苄氨嘧啶,属于,畜牧业药物
白菜,被危害,甘蓝夜蛾
日高乳油,防治,烟青虫
农作物,包含,烟叶
阿特拉津,属于,农作物药物
农用硫酸链霉素可溶性粉剂,防治,灰霉病
驱虫药物,属于,畜牧业药物
动物,包含,蚧壳虫
害虫,包含,肝片形吸虫
琥胶肥酸铜,防治,细菌性病害
黑穗病,属于,农作物病害
急性败血,属于,动物疾病
黄腐酸盐,属于,农作物药物
鱼类,感染,肤霉病
子宫内膜炎,属于,动物疾病
农作物,包含,黑籽南瓜
银雀,属于,农作物药物
农作物,包含,虾衣花
丝瓜,被危害,瓜绢螟
水稻,感染,白叶枯病
果树早期落叶病,属于,农作物病害
白锈病,属于,农作物病害
乌洛托品注射液,属于,畜牧业药物
杀毒矾可湿性粉剂,防治,叶斑病
农作物,包含,阿坝蒿
蛋鸭,属于,动物
复合酚类环境消毒剂,属于,畜牧业药物
夜蛾科,属于,斜纹夜蛾
疾病,包含,早衰
养殖蟹,属于,动物
连粳7号,属于,农作物
苹果,属于,果树
西葫芦,属于,农作物
可杀得可湿性粉剂,防治,黄萎病
农作物,包含,粉掌
微生物,包含,乳酸菌
石榴,属于,石榴根皮
害虫,包含,成虫
刺槐,属于,农作物
烟碱合剂,属于,农作物药物
黄曲霉菌,属于,黄曲霉
肉用仔鸭,属于,动物
乳鸽,属于,动物
虾,别名,青虾
糯玉米,属于,玉米
动物,包含,多肉农作物
氨基酸液肥,属于,农作物药物
茼蒿,属于,农作物
农作物,包含,扁豆
V35,属于,农作物
细菌性肠炎病,属于,动物疾病
虾,属于,幼虾
凤梨,属于,年宵花
田螺,属于,动物
动物,包含,石鸡
夜蛾科,属于,夜蛾
燕麦,属于,农作物
灭活疫苗,属于,畜牧业药物
桃树,属于,农作物
痢菌净,属于,畜牧业药物
疾病,包含,新城疫病毒
小爪虫,属于,害虫
扁豆,属于,农作物
屈腱炎,属于,动物疾病
根蚜,属于,农作物虫害
微生物,包含,氯化物
碧护,属于,农作物药物
恶霉灵,防治,猝倒病
水韭菜,属于,农作物
苏州青,属于,农作物
中草药,包含,菠萝蜜
萝卜芽,属于,萝卜
畜禽,属于,动物
疾病,包含,膀胱炎
小龙柏,属于,农作物
氮磷钾,属于,农作物药物
花椒,属于,农作物
花卉,包含,洋水仙
农作物,包含,茯神
中药,包含,松香
人畜共患病,属于,动物疾病
扁豆,别名,峨眉豆
加瑞农,属于,农作物药物
磷酸二氢钾溶液,属于,农作物药物
抗生素,包含,阿莫西林
慢性寄生虫病,属于,动物疾病
中药,包含,鲢鱼
中药,包含,蓖麻油
黄颡鱼,属于,动物
疾病猪,属于,动物
生食萝卜,属于,农作物
农作物,包含,萝卜
疾病,包含,子宫内膜炎
巴西蘑菇,属于,农作物
除虫脲,属于,农作物药物
中药,包含,艾叶
灭活苗,属于,口蹄疫疫苗
黄瓜,包含,绿丰1号
农作物,包含,香葱
烂头病,属于,农作物病害
苋科,属于,莲子草
胡萝卜,被危害,蝼蛄
桑树,属于,阔叶树
恩诺沙星注射液,属于,畜牧业药物
胡桃肉状菌,属于,农作物病害
红叶茎枯病,属于,农作物病害
乔木,包含,黑松
秋梢,属于,果树
动物,包含,月鳢
疾病,包含,白皮病
农作物,感染,土传病害
农作物,包含,瓜皮
疾病,包含,心包炎
本地猪病,属于,动物疾病
食盐水,属于,畜牧业药物
农作物,包含,非洲菊
中药,包含,鹤虱
水合氯醛注射液,属于,畜牧业药物
犬细小病毒性肠炎,属于,动物疾病
芽,感染,赤霉病
蚜虫,属于,作物虫害
日本侧殖吸虫,属于,害虫
农作物,包含,野苜蓿
野杂鱼,属于,害虫
爱福丁,防治,蚜虫
獭兔,属于,动物
褐斑病,别名,赤星病
小斑病,属于,农作物病害
黑鳃病,属于,疾病
蒜蛆,属于,农作物虫害
水稻,感染,胡麻病菌
杜邦万克灵,防治,金针虫
葫芦科,科,白兰瓜
附红细胞体病,属于,动物疾病
农作物,包含,罗布麻
农作物,包含,广藿香
动物,包含,家鸡
农作物,包含,茯苓
冰鲜鱼,属于,动物
土菌消 水剂,防治,猝倒病
微生物,包含,光合细菌
果树,感染,苹果炭疽病
疾病,包含,霜霉病
骨质疏松症,属于,动物疾病
死鱼,属于,动物
中药,包含,滑石粉
动物,包含,草兔
瘤胃素,属于,畜牧业药物
农作物,包含,骨碎补
桑毛虫,属于,害虫
油乳剂苗,属于,畜牧业药物
黑胫病,属于,农作物病害
菜果壮蒂灵,属于,农作物药物
代森锰锌可湿性粉剂,防治,斑枯病
茼蒿,被危害,斑潜蝇
果树,感染,苹果轮纹病
芦笋,属于,蔬菜
辛乳油,防治,桑毛虫
鼠害,属于,害虫
黄杨,属于,小灌木类
恶霉灵,防治,小果症
鱼腥草,属于,农作物
豆科牧草,属于,农作物
三棱,属于,中药
疾病,包含,热性病
细菌,包含,绿脓杆菌
百菌清,防治,病毒病
烧碱,属于,农作物药物
秋薯,被危害,缺窝老苗
胶白8号,属于,农作物
癞,属于,害虫
疾病,包含,软腐病
烟草,感染,白粉病
羊痘,属于,动物疾病
盐酸恩诺沙星,属于,农作物药物
鸭疫里默氏杆菌病,属于,动物疾病
烟草,感染,烟田黑胫病
金鱼,属于,动物
芽枯病,属于,农作物病害
藤蔓,别名,瓜秧
奶牛,别名,乳牛
彭泽鲫,属于,动物
中药,包含,香茅
茎枯病,属于,农作物病害
动物,包含,水蛇
杜鹃花瓣,属于,农作物
板篮根,属于,畜牧业药物
三角梅,别名,宝巾
菱角,别名,水栗
农作物,包含,双孢菇
筒筒,属于,蔬菜
农作物,包含,贯众
青草,属于,农作物
动物,包含,大叶藻
蓝藻,属于,农作物
高粱,属于,农作物
害虫,包含,瓜绢螟
上海青,别名,小白菜
干姜,属于,畜牧业药物
川芎,别名,香果
真菌,包含,香菇
灰绿曲霉,属于,农作物虫害
传染病,包含,犬布鲁氏菌病
萝卜芽,属于,农作物
甲氨基阿维菌素苯甲酸盐,防治,夜蛾类
龟背竹,属于,农作物
桑保Ⅰ号,防治,桑疫病
幼虾,属于,动物
十字花科,科,芜菁
淮稻9号,属于,迟熟中粳稻
阿维菌素乳油,防治,麦蜘蛛
微生物,包含,真菌毒素
鸭子,属于,动物
异丙甲草胺,属于,农作物药物
大豆,感染,细菌性斑点病
巴氏杆菌,属于,害虫
毛果芸香碱,属于,畜牧业药物
矢尖蚧,属于,农作物虫害
烤烟,属于,农作物
烟草,防治,锐劲特
农作物,包含,辽核4号
鸡眼草,属于,农作物
阿维菌素,防治,菜青虫
法桐,属于,农作物
果树,感染,苹果斑点落叶病
桃,被危害,食心虫
动物,包含,对虾
农作物,包含,白胡椒
农作物,包含,蒜苗
农作物,包含,银杏
草鸡,属于,动物
农作物,包含,文竹
抗虫威,属于,农作物药物
中药,包含,黄酒
芝麻杆,属于,畜牧业药物
疾病,包含,十二指肠
越夏小黄瓜,属于,农作物
日高乳油,防治,斜纹夜蛾
农作物,包含,灶心土
大蒜白腐病,属于,农作物病害
茶轮斑病,属于,农作物病害
疾病,包含,溃疡病
猪棘头虫病,属于,动物疾病
蛙,属于,动物
菊科,科,甜叶菊
害虫,包含,甜菜夜蛾
石榴树,属于,农作物
微生物,包含,朊病毒
疾病,包含,皮肤病
过敏,属于,动物疾病
地豆,属于,农作物
桑,属于,农作物
葫芦科,科,黑籽南瓜
神曲,属于,畜牧业药物
南天竹,属于,农作物
敌克松,防治,立枯病
尼索朗乳油,防治,红蜘蛛
重茬,属于,农作物病害
灰飞虱,属于,农作物虫害
等量式波尔多液,防治,疫病
莴笋,属于,蔬菜
农作物,包含,苦楝
农作物,包含,银雀
白玉王,属于,农作物
褐纹病,别名,苹果斑点落叶病
疾病,包含,鸭传染性浆膜炎
犬,科,狼
辛硫磷,防治,枣步曲
化学药品,包含,肌醇
棉株,属于,农作物
猪慢性链球菌,属于,害虫
鱼石脂,属于,畜牧业药物
疾病,包含,猪流行性感冒
农用链霉素可湿性粉剂,防治,软腐病
炭疽福美可湿性粉剂,防治,果轮纹病
泄殖腔炎,属于,动物疾病
中药,包含,葱叶
盐酸恩诺沙星,防治,桑疫病
烟草,别名,烟
青黛,属于,畜牧业药物
细菌,包含,革兰氏阳性菌
小白菜,被危害,小菜蛾
多菌灵,防治,落叶病
农作物,包含,口蘑
农作物,包含,荔枝
榆树,属于,榆
菜蚜,属于,农作物虫害
福美双,防治,立枯病
国槐,属于,农作物
牲畜,属于,动物
白果,别名,银杏
鲢夏花,属于,动物
含笑,属于,花卉
柴胡,属于,畜牧业药物
向日葵,感染,锈病
树莓,属于,农作物
肥育猪,属于,动物
苹果,感染,炭疽病
大豆,被危害,蚜虫
蚜虫,属于,农作物虫害
血虫净,属于,畜牧业药物
犬布鲁氏菌,属于,害虫
灭蝇净,防治,蜗牛
中药,包含,海螺
疾病,包含,肺热
乌龙茶,属于,农作物
农作物,包含,山毛豆
腐熟土杂肥,属于,农作物药物
香菜,别名,胡荽
普力克,属于,农作物药物
盐,属于,畜牧业药物
蝼蛄,属于,农作物虫害
碱式硫酸铜,属于,农作物药物
桑宁73 炔螨特乳油,防治,桑蓟马
害虫,包含,蚜总科
疾病,包含,流产
疾病,包含,疫苗
疾病,包含,抗菌素
草莓,属于,农作物
微生物,包含,胡桃肉状菌
百毒杀,属于,畜牧业药物
害虫,包含,金针虫
害虫,包含,小地老虎
苏云金杆菌,危害,农作物
土鸡,属于,动物
肾炎,属于,动物疾病
小黄瓜,属于,黄瓜
硼砂,属于,畜牧业药物
华山松,属于,乔木和花灌木类
丝瓜,感染,菌核病
郑单958,属于,玉米
中药,包含,垂丝海棠
敌敌畏,属于,畜牧业药物
家鸡,属于,动物
农作物,包含,水仙
金橘,属于,年宵花
毛茛科,包含,棕榈科
乐果乳油,防治,种蝇
瞿麦,属于,畜牧业药物
僵硬猪,属于,动物
银荆,属于,金合欢
金银花,被危害,青菜虫
农作物,包含,桂花
动物,包含,锯缘青蟹
硕丹,防治,美国白蛾
番茄,属于,农作物
苗木,属于,农作物
保桑灵,防治,桑尺蠖
阿维菌素乳油,属于,农作物药物
白酒,属于,畜牧业药物
茄子,感染,黄萎病
微生物,包含,菌类
树干涂白,属于,农作物药物
真菌,病原,辣椒疫病
复方氨基比林注射液,属于,畜牧业药物
瘤胃积食,属于,动物疾病
葫芦科,科,瓜皮
鸭肝炎,属于,动物疾病
舌状绦虫,属于,害虫
褐斑病,属于,农作物病害
蜜蜂,属于,动物
农作物,包含,南瓜
早衰,属于,农作物病害
维生素C注射液,属于,畜牧业药物
农作物,包含,黄芪
栀子花,属于,农作物
越冬蜂群,属于,动物
小苏打水溶液,属于,畜牧业药物
疾病,包含,胆红素
浚单20,属于,农作物
青杂2号,属于,农作物
农作物,包含,桑皮
荷兰豆,被危害,蜗牛
武运粳21号,属于,中熟中粳稻
枯萎,属于,农作物病害
头孢塞呋,属于,畜牧业药物
动物,包含,紫貂
花生网斑病,属于,农作物病害
高锰酸钾液,属于,农作物药物
甘薯,属于,农作物
柳树,属于,农作物
农作物,包含,郁金
冠状病毒科,科,冠状病毒
四季豆,属于,蔬菜
烂皮病,别名,杨树腐烂病
波美5度石硫合剂,属于,农作物药物
动物,感染,锈病
农作物,包含,南豆12
杏,属于,果树
虫螨腈乳油,属于,农作物药物
三氯杀螨醇乳油,防治,皱叶病
白葡萄酒,属于,葡萄酒
农作物,包含,金银花
乙烯菌核利水分散粒剂,属于,农作物药物
琥珀酸,属于,畜牧业药物
动物,包含,棉铃
花生,属于,农作物
葱蓟马,属于,农作物虫害
青枯病,属于,农作物病害
二嗪磷乳油,属于,农作物药物
体外寄生虫,属于,害虫
幼虫,属于,孑孓
陈艾舒盘草,属于,畜牧业药物
黄瓜,包含,春秋王
茄果类,属于,农作物
盲椿象,属于,农作物虫害
育成牛,属于,动物
毒死蜱,防治,美国白蛾
禾本科,科,高羊茅
链球菌,属于,害虫
水稻,感染,水稻立枯病
杀毒矾可湿性粉剂,防治,早疫病
青蒿,属于,畜牧业药物
害虫,包含,孑孓
疾病,包含,革兰氏阳性菌
菊科,科,翠菊
害虫,包含,葱蓟马
阿维菌素,防治,甜菜夜蛾
动物,包含,蟹苗
家鸡,包含,柴鸡
动物,包含,狍
甜椒,感染,细菌性病害
代森锰,属于,农作物药物
疾病,包含,腺瘤
维生素A,属于,畜牧业药物
农作物,包含,千屈菜
氟哌酸预混剂,属于,畜牧业药物
番茄,感染,茄子绵疫病
西瓜,感染,疫病
中药,包含,胡桃醌
宝莲灯,属于,农作物
森锌,属于,农作物药物
畜禽疾病,属于,动物疾病
中药,包含,蝼蛄
微生物,包含,金针菇
螃蟹,属于,动物
番薯,别名,红薯
丙环唑,属于,农作物药物
氧化乐果,防治,穗蚜
姜科,科,毛姜
波尔多液,防治,斑点细菌病
中药,包含,百草霜
动物,包含,巴克夏猪
害虫,包含,美洲斑潜蝇
输卵管炎,属于,动物疾病
农作物,包含,裂果
疾病,包含,皮肤感染
银耳,属于,食用菌
杂交,属于,绿丰1号
动物,感染,水霉病
缩节胺,属于,农作物药物
农作物,包含,籼稻
菇柄,属于,农作物
禾本科,科,光头稗
病毒,包含,狂犬病毒
蒜叶青可湿性粉剂,防治,大蒜白腐病
藕,被危害,蚜虫
疾病,包含,新诺明
赢力,防治,稻瘟病
农作物,包含,桦树
九江头槽绦虫,属于,害虫
疾病,包含,乳腺炎
敌杀死,防治,叶蝉
三唑磷,属于,生物
哺鸡竹,属于,农作物
尿血,属于,动物疾病
荔枝,感染,落果
可鲁巴,属于,农作物药物
浮游农作物,属于,农作物
莲,属于,莲子
茶,包含,茶叶
木贼,属于,畜牧业药物
犬传染性肝炎弱毒疫苗,属于,畜牧业药物
葱,别名,大葱
天龙宝,防治,美国白蛾
中药,包含,板蓝根注射液
水稻,被危害,黑肩绿盲蝽
茄子,属于,蔬菜
瓢虫,属于,农作物虫害
肠球虫病,属于,动物疾病
旅人蕉科,科,鹤望兰
替沙星,属于,畜牧业药物
杜鹃,属于,年宵花
农用链霉素可湿性粉剂,防治,小菜蛾
甲霜灵锰锌,属于,农作物药物
麻黄,属于,畜牧业药物
脂肪,包含,糯玉米
疾病,包含,蛔虫病
草,属于,农作物
苋科,科,土牛膝
动物,包含,蛙科
微生物,包含,猴头菇
害虫,包含,毛蚶
农作物,感染,猝倒病
农作物,包含,乌榄
呼吸系统疾病,属于,动物疾病
农作物,包含,西洋参
微生物,包含,肝素
传染性喉气管炎病,属于,动物疾病
柏树,属于,农作物
单发性肠道病,属于,动物疾病
好立克,属于,农作物药物
黄花鱼,别名,小黄鱼
芙蓉花,属于,农作物
大丽花,属于,农作物
熟地,属于,畜牧业药物
井冈霉素水剂,属于,农作物药物
细菌,包含,有益菌
马齿苋,属于,畜牧业药物
疾病,包含,克山病
树干涂白,防治,虫卵
核桃,别名,胡桃
害虫,包含,金纹细蛾
漂白粉,别名,次氯酸钙
苏丹草,属于,农作物
疾病,包含,猪丹毒
农作物,包含,叶子花
溴氰菊酯乳油,属于,农作物药物
薯类,属于,杂粮
灭多威,防治,大造桥虫
石灰乳,包含,悬浊液
杀螟松,防治,瓜绢螟
蘑菇,感染,胡桃肉状菌
茶,包含,白毛
蔬菜,感染,细菌性病害
动物,包含,海蟑螂
草木灰浸出液,属于,畜牧业药物
动物,包含,家畜
鱼花,别名,鱼苗
农作物,包含,树干涂白
克氏螯虾,属于,动物
农作物,包含,青草
青岛架豆,属于,四季豆
棉花,属于,农作物
黄玫瑰,属于,农作物
食欲减少,属于,动物疾病
疾病,包含,肝癌
金针菇,属于,菇
蘑菇,属于,农作物
动物,包含,蛆虫
禾本科,科,麦芽
百菌清烟剂,防治,斑枯病
千屈菜,属于,农作物
石灰浆,属于,农作物药物
甲基托布津可湿性粉剂,防治,小斑病
苯来特,别名,苯菌灵
向日葵,被危害,盲蝽
欧鸟,属于,害虫
西兰花,被危害,小菜蛾
脂肪,属于,畜牧业药物
昆虫,包含,孑孓
农作物药物,包含,甲霉灵
苏打,别名,碳酸钠
疾病,包含,魏氏梭菌病
茄科,属于,农作物
水稻,属于,农作物
狂犬病病毒,属于,害虫
疾病,包含,根肿病
地瓜,属于,农作物
疾病,包含,胰岛素
害虫,包含,螟虫
茄子,感染,绵疫病
中药,包含,斑蟊
止痢药,属于,畜牧业药物
黑胫病,属于,病害
绿豆,属于,畜牧业药物
中药,包含,白糖
微生物,包含,盲蝽象
李,被危害,梨小食心虫
花卉,包含,花萼
农作物,包含,苏铁
兰花,属于,花卉
农作物,包含,空心菜
冰冻海鲜杂鱼,属于,动物
辣椒,感染,细菌性病害
牛犊,属于,动物
病毒,包含,犬细小病毒
盐酸吗啉胍,属于,农作物药物
农作物,包含,野荞麦根
动物,包含,肉鸽
姜,属于,干姜
农作物,包含,洋水仙
农作物,包含,萝藦
农作物,包含,紫薇
鲜鱼,属于,动物
豌豆芽,属于,农作物
农作物,包含,唐菖蒲
巴贝斯焦虫,属于,害虫
仔兽,属于,动物
伤食,属于,动物疾病
甜糯玉米,属于,玉米
抗菌,防治,干扰素
动物,包含,鲈鱼
成年犬,属于,动物
食用油,别名,农作物油
疾病,包含,前后盘吸虫病
黑毛鸡,属于,动物
桃炭疽病,感染,黄桃
害虫,包含,白粉虱
绵疫病,属于,农作物病害
丙硫苯咪挫,属于,畜牧业药物
疾病,包含,猪瘟
冬青,属于,树
肤霉病,属于,动物疾病
空心菜,属于,蔬菜
甲基硫菌灵,防治,杨树溃疡病
甲霜灵,属于,农作物药物
薏苡,属于,农作物
动物,包含,鲑点石斑鱼
水肿,属于,动物疾病
农作物,包含,黄荆
甲氨基阿维菌素苯甲酸盐,属于,农作物药物
病毒,导致,艾滋病
农作物,包含,西洋梨
苹果炭疽病,属于,农作物病害
卡那霉素,属于,畜牧业药物
农作物,包含,青皮
金纳海,属于,农作物药物
养殖肉鹅,属于,动物
斑枯病,属于,农作物病害
野生动物,属于,动物
白灵菇,属于,农作物
花生茎叶粉,属于,动物
亲虾,属于,动物
中药,包含,马齿苋
红富士,别名,富士苹果
疾病,包含,幼犬
噻嗪酮,属于,农作物药物
农作物,包含,儿茶
禾本科牧草,属于,农作物
害虫,包含,草地螟
绿叶菜,属于,农作物
茄科,科,烤烟
柑,属于,果树
抗菌素,属于,畜牧业药物
死虾,属于,动物
夏白菜,感染,细菌性软腐病
中药,包含,桐油
扁豆,被危害,豆荚螟
疾病,包含,传染疾病
武运粳21号,属于,农作物
螃蟹,别名,蟹
消炎剂,属于,畜牧业药物
辛乳油,属于,农作物药物
农作物,包含,球藻
镇稻11号,属于,早熟晚粳稻
敌百虫,防治,瓜实蝇
甲霜 锰锌可湿性粉剂,防治,叶枯病
水稻,被危害,根蚜
家禽,属于,动物
鸡群,属于,动物
微生物,包含,金藻
农作物,包含,松科
三角梅,别名,勒杜鹃
染性角膜炎,属于,动物疾病
红苕,属于,农作物
棉种,属于,农作物
疾病,包含,蛇眼病
动物,包含,毒鱼
中药,包含,芒硝
农作物,包含,葵花籽
百菌清,防治,杨树溃疡病
疾病,包含,茎枯病
稻洁,属于,农作物药物
新高脂膜,防治,小菜蛾
小金橘,属于,金橘
动物,包含,林蛙
竹林,属于,农作物
水栗,属于,农作物
罗非,属于,动物
疾病,包含,急性传染病
疾病,包含,猪伪狂犬病
代森锰锌,防治,炭疽病
青皮丝瓜,属于,普通丝瓜
柑橘,属于,农作物
稻叶发黄,属于,农作物病害
疾病,包含,癣病
冬青,别名,燕子掌
万菌消,属于,农作物药物
薄荷,属于,畜牧业药物
百克药,属于,农作物药物
青顶症,属于,农作物药物
甲霜灵锰锌可湿性粉剂,防治,黑胫病
农作物,包含,乌药
疾病,包含,链霉素
免瘟疫苗,属于,畜牧业药物
豇豆荚螟,属于,农作物虫害
来苏儿溶液,属于,畜牧业药物
农作物,包含,景丰宝
磺胺氯吡嗪钠,属于,畜牧业药物
十字花科,科,芜菁甘蓝
断奶子猪,属于,动物
中华倒刺鲃,属于,动物
凤尾菇,属于,食用菌
鲢,属于,动物
姜科,科,草豆蔻
四季豆,感染,疫病
高美施,防治,裂果症
疾病,包含,酒石酸锑钾
烟青虫,属于,农作物虫害
母畜,属于,动物
吡虫啉可湿性粉剂,防治,蝼蛄
鳝病,属于,动物疾病
农作物,包含,小茨藻
农作物,包含,鲜切花
农作物,包含,倒挂金钟
农作物,包含,桑蓟马
疾病,包含,白粉病
荷兰豆,属于,农作物
绿亨一号,属于,农作物药物
烟青虫,危害,农作物
农作物,包含,石菖蒲
呋喃酮,属于,畜牧业药物
草地螟,属于,农作物虫害
疾病,包含,白锈病
农作物,包含,香椿
鳙鱼,别名,鳙
百菌清,防治,煤霉病
绿星70,属于,农作物
青花菜,属于,农作物
蚜虱净,属于,农作物药物
杂鱼,属于,动物
羔羊,属于,动物
蚕,属于,动物
中药,包含,田鼠
害虫,包含,指环虫
烟曲霉菌,属于,害虫
刚竹,属于,农作物
幼兽,属于,动物
肥育仔猪,属于,动物
农作物,包含,毛木耳
农作物,包含,香菜
肠道性病菌,属于,害虫
农作物,包含,鱼尾葵属
碘液,属于,畜牧业药物
苹果小食心虫,属于,农作物虫害
幼葱,属于,农作物
小龙柏,属于,小灌木类
烯酰吗啉,属于,农作物药物
疾病,包含,抗球虫药物
黄瓜,被危害,甜菜夜蛾
盆景树桩,属于,农作物
杀螟松乳油,防治,玉米螟
花卉,包含,金边瑞香
穿心莲粉,属于,畜牧业药物
冬青,属于,农作物
两角菱,属于,农作物
蛔虫病,属于,动物疾病
坏死性皮炎,属于,动物疾病
春鲁白1号,属于,农作物
奶牛病,属于,动物疾病
香菜,别名,芫荽
乙磷铝可湿性粉剂,防治,霜霉病
小地老虎,属于,农作物虫害
青鱼,感染,赤皮病
微生物,包含,沙门氏菌
京津1号,属于,农作物
农作物,包含,紫菀
鳜,属于,动物
牙鳕,属于,动物
群猪,属于,动物
动物,包含,鲢
水稻,感染,稻温病
土壤次生盐渍化,属于,农作物病害
天龙,别名,壁虎
动物,包含,幼虫
乌鱼,属于,动物
杏鲍菇,属于,农作物
菌类,属于,农作物虫害
农作物,包含,植株
十字花科,科,菜籽
保桑灵,防治,桑螟
疾病,包含,疮痂病
敌敌畏,防治,地老虎
绦虫,属于,害虫
兰花,被危害,蚜虫
松针叶,属于,畜牧业药物
普克力水剂,属于,农作物药物
烂瓜,属于,农作物病害
疾病,包含,白化症
中药,包含,菖蒲
苦荬菜,属于,农作物
稻飞虱,被危害,黑肩绿盲蝽
桑保,属于,农作物药物
胡萝卜,被危害,金针虫
施保克,防治,黑腐病
等量式波尔多液,防治,病毒病
唐菖蒲,感染,花叶病
急性反应,属于,动物疾病
野生水禽,属于,动物
敌百虫可溶性粉剂,防治,蚜虫
动物,包含,大丽花
樱桃,属于,农作物
农作物,包含,当归
抗兔瘟血清,属于,畜牧业药物
中药,包含,茅栗
阿维菌素,防治,白粉虱
葫芦科,科,肉丝瓜
向日葵,别名,食葵
百菌清烟剂,防治,炭疽病
细菌病,属于,农作物病害
武运粳24号,属于,农作物
石榴树,被危害,红蜘蛛
硫酸亚铁,属于,农作物药物
草鳊,属于,动物
斑点叉尾亲鱼,属于,动物
玛丽华盛顿500号,属于,农作物
多菌灵可湿性粉剂,防治,玉米大斑病
吊瓜,感染,疫病
依维菌素,属于,畜牧业药物
武运粳23号,属于,早熟晚粳稻
患病羊,属于,动物
抑太保乳油,防治,豆荚螟
虫子,属于,动物
50 甲基托布津,防治,茎枯病
口舌生疮,属于,动物疾病
害虫,包含,狭鳕
辣椒疫病,属于,农作物病害
泰乐菌素,属于,畜牧业药物
棉花,被危害,食心虫
玉米,被危害,玉米螟
成鸡,属于,动物
农作物,包含,富贵竹
高产鸭,属于,动物
动物,感染,指环虫病
农作物,包含,芭蕉
麦穗鱼,属于,动物
动物,感染,梨锈病
西红柿中毒,属于,动物疾病
挺水农作物,属于,农作物
农作物,包含,青菜
克露,防治,疫病
吡虫啉,属于,农作物药物
茉莉,属于,农作物
敌杀死,防治,莱青虫
高锰酸钾,防治,斑枯病
农作物,包含,粉团
瑞毒霉,属于,农作物药物
菜花,感染,霜霉病
病毒钝化剂,属于,农作物药物
萝卜,被危害,夜蛾
白掌,属于,农作物
瓜类作物,属于,农作物
农作物,包含,禾本科
钻蛀性害虫,属于,农作物虫害
桑,感染,桑疫病
草爬子,别名,蜱虫
花生,感染,叶斑病
蔷薇科,科,桑蓟马
农作物,包含,红叶桃
猪羊,属于,动物
中药,包含,马唐
多菌灵可湿性粉剂,防治,果轮纹病
速克灵可湿性粉剂,防治,菌核病
四绒金龟甲,属于,农作物虫害
农作物,包含,辣根
高效氯氟氰菊酯,防治,葱蓟马
霍乱,包含,急性病
苏打,属于,畜牧业药物
农作物,包含,凤尾菇
青玉米棒,属于,农作物
疾病,包含,气囊炎
燕子掌,属于,农作物
黄瓜,感染,细菌性角斑病
保育猪,属于,动物
山茶,属于,花卉
青芦笋,属于,蔬菜
氰霜唑悬浮剂,属于,农作物药物
噻嗪酮制剂,属于,农作物药物
柳树,感染,杨树溃疡病
赤星病,属于,农作物病害
辣椒,被危害,地老虎
真菌,病原,曲霉菌
狐狸,属于,动物
新植霉素,防治,软腐病
中药,包含,白柳
中药,包含,水葫芦
炒杏仁,属于,畜牧业药物
树种,属于,农作物
亚广血虫克,属于,畜牧业药物
农作物,包含,口蘑科
健曲,属于,畜牧业药物
小地虎,属于,农作物虫害
大绒马褂,属于,农作物虫害
疾病,包含,口蹄疫疫苗
疾病,包含,红斑
球虫散,属于,动物疾病
疾病,包含,子宫炎
大麦,属于,农作物
棉粉虱,属于,农作物虫害
绿得保胶悬剂,属于,农作物药物
眉豆,属于,农作物
豆类蔬菜,属于,蔬菜
毛蚴,属于,害虫
动物,包含,鳕鱼
爱福丁,防治,斑潜蝇
杨树腐烂病,属于,农作物病害
长吻鱼,属于,动物
蚜科,科,梨二叉蚜
蔷薇花,属于,农作物
甲维盐,防治,硕丹
碘酊,属于,畜牧业药物
肉食性鱼类,属于,动物
烤烟,感染,黑胫病
生石灰化浆,属于,畜牧业药物
螺,属于,动物
蒸馏水,属于,畜牧业药物
瓜苗,属于,农作物
急性过敏反应,属于,动物疾病
害虫,包含,梨二叉蚜
赤霉病,属于,农作物病害
香石竹,属于,多年生草本花卉
疾病,包含,尿毒症
成年鸡,属于,动物
杀菌剂,包含,加瑞农
禽用多维素,属于,畜牧业药物
农作物,包含,青干草
棉花盲椿象,属于,农作物虫害
茶花,属于,花木
中药,包含,蓖麻叶
农用硫酸链霉素,属于,农作物药物
农作物,包含,毛姜
疾病,包含,脑炎
丰辉,属于,生物
农作物,包含,椪柑
农作物,包含,糜子
饲料,属于,燕麦
硫酸卡那注射液,属于,畜牧业药物
紫甘蓝,属于,蔬菜
南天竹,属于,小灌木类
马齿苋科,科,马齿苋
肠道性腹泻,属于,动物疾病
乙磷铝可湿性粉剂,防治,病毒病
姬松茸,别名,巴西蘑菇
锌硫磷毒沙,属于,农作物药物
菱,属于,农作物
薏苡,感染,黑穗病
杀毒矾可湿性粉剂,防治,叶枯病
意杨苗,属于,意杨
中药,包含,旱金莲
黑鱼,属于,动物
鸭,属于,动物
细菌,包含,硝化细菌
乐斯本,防治,菜青虫
地下害虫,危害,农作物
豆科,科,青豌豆
黄柏,属于,畜牧业药物
动物,感染,白绢病
农作物,包含,景天树
慢性耳炎症,属于,动物疾病
西瓜,感染,病毒病
农作物,包含,油桐
杜邦万克灵,防治,蚜虫
农作物,包含,菜豆树
产蛋母鸭,属于,动物
皮尔斯病,属于,农作物病害
动物,包含,斑头雁
农作物,包含,富士苹果
螺虫师,属于,害虫
动物,包含,沙丁鱼
小叶病,感染,桃树
辛硫磷乳油,防治,蛴螬
敌敌畏,属于,农作物药物
疾病,包含,疲劳症
动物,包含,鸡
农作物,包含,香芹
大豆,属于,农作物
橡皮树,属于,花卉
青萝卜,被危害,白粉虱
杀螺剂,属于,农作物药物
农作物,包含,彩叶马醉木
生姜,属于,畜牧业药物
甘草汁,属于,畜牧业药物
雄鳝,属于,动物
百草一号,防治,菜青虫
李,属于,果树
山茶,科,茶叶
矮生芸豆,属于,蔬菜
敌可松,属于,农作物药物
氯氰菊酯,防治,菇蚊成虫
茉莉花,属于,农作物
普力克,防治,霜霉病
郑杂9号,属于,西瓜
乙酸铜,属于,农作物药物
鸡,属于,动物
芦笋,属于,农作物
中药,包含,母草
阿维菌素乳油,防治,斜纹夜蛾
群鸡,属于,动物
农作物,包含,棕竹
微生物,包含,肺炎链球菌
疾病,包含,支气管肺炎
疥癣诸症,属于,动物
旱稗,属于,农作物
农作物,包含,景龙宝
毛豆,属于,农作物
棉桃,别名,棉铃
传染性法氏囊病,属于,动物疾病
疾病,包含,胆管炎
胆囊炎,属于,动物疾病
癸甲溴铵溶液,属于,畜牧业药物
微生物,包含,苏云金杆菌
辣椒,感染,炭疽病
中药,包含,草木灰
焦山枝,属于,畜牧业药物
银心吊兰,属于,农作物
硫磺粉,属于,畜牧业药物
大白菜,被危害,菜青虫
绿亨一号,防治,小果症
妥曲珠利,属于,畜牧业药物
害虫,包含,蛔虫
害虫,包含,大蟾蜍
银荆,属于,农作物
蚂蟥,属于,动物
热带鱼,属于,动物
豆科,科,紫穗槐
甲维盐,防治,菜青虫
苏云金杆菌,防治,蚜虫
辟蚜雾,属于,农作物药物
壮瓜蒂灵,属于,农作物药物
杜鹃,属于,花卉
茎腐病,属于,农作物病害
芹菜,感染,病毒病
瑞锰锌,防治,软腐病
氨苄青霉素,属于,畜牧业药物
地塞米松磷酸钠注射液,属于,畜牧业药物
长度水瓜,属于,农作物
小麦,防治,灭蚜威
农作物生长抑制剂,属于,农作物药物
筒筒,属于,农作物
槐树,属于,阔叶树
常绿小灌木,属于,农作物
消化系统疾病,属于,动物疾病
万春农作物助长剂,防治,小果症
发烧,属于,动物疾病
真菌病,属于,动物疾病
农作物,包含,豆科
霜霉威盐酸盐水剂,属于,农作物药物
引豆9701,属于,大豆
西瓜,感染,细菌性角斑病
